date,campaign,channel,device,geo,impressions,clicks,leads,conversions,spend,revenue
2026-03-23,Retargeting Push,Meta Ads,Mobile,Chennai,37515,769,109,16,5173.5,42002.85
2026-03-09,Spring Sale,Google Ads,Desktop,Delhi NCR,19559,396,41,8,5127.54,22992.86
2026-03-17,February Promo,Meta Ads,Mobile,Mumbai,26757,644,88,21,3910.39,43432.41
2026-01-29,Valentine Offer,Google Ads,Mobile,Bengaluru,26628,768,74,31,4799.92,75045.97
2026-02-23,February Promo,Google Ads,Mobile,Bengaluru,30149,674,93,17,5533.63,47685.98
2026-03-30,Product Launch,Google Ads,Mobile,Delhi NCR,100261,2285,295,92,16539.74,286475.08
2026-01-12,Retargeting Push,Email,Mobile,Bengaluru,25718,1946,517,240,468.67,981724.75
2026-02-21,Retargeting Push,Google Ads,Desktop,Bengaluru,31347,686,98,22,5897.34,78691.43
2026-03-07,Winter Campaign,Meta Ads,Desktop,Chennai,39968,683,34,8,5542.64,16788.23
2026-01-30,Spring Sale,Google Ads,Mobile,Bengaluru,42426,848,81,31,7196.73,87514.67
2026-02-15,Brand Awareness,Organic,Mobile,Chennai,33709,669,49,6,263.88,12851.65
2026-01-12,Brand Awareness,Meta Ads,Mobile,Delhi NCR,19426,347,32,5,3137.4,8019.03
2026-03-12,Festival Offer,Meta Ads,Mobile,Delhi NCR,21666,471,61,18,2983.51,47546.38
2026-03-21,Brand Awareness,Meta Ads,Mobile,Delhi NCR,45490,1238,96,20,8162.21,38048.79
2026-02-26,Retargeting Push,Organic,Desktop,Delhi NCR,49660,1567,232,38,266.66,99016.8
2026-03-08,Spring Sale,Meta Ads,Desktop,Other India,77890,1506,125,37,11784.62,110725.44
2026-01-24,February Promo,Google Ads,Desktop,Bengaluru,73884,1187,166,54,14103.21,115458.67
2026-01-22,Winter Campaign,LinkedIn,Mobile,Hyderabad,11575,170,19,8,3091.56,30729.58
2026-01-21,App Install Drive,Google Ads,Mobile,Other India,16952,371,16,2,2496.45,4523.05
2026-01-13,Brand Awareness,Organic,Mobile,Bengaluru,93614,2216,264,30,686.83,65386.81
2026-02-14,Spring Sale,Email,Mobile,Bengaluru,20232,1048,160,59,387.22,145706.97
2026-02-13,New Year Sale,Google Ads,Desktop,Delhi NCR,41337,1185,171,21,7741.74,47953.56
2026-01-07,Brand Awareness,Google Ads,Mobile,Delhi NCR,29330,368,21,1,5472.06,2611.11
2026-02-14,Winter Campaign,Organic,Mobile,Delhi NCR,61042,2315,375,94,495.93,207487.72
2026-03-02,Festival Offer,Google Ads,Desktop,Hyderabad,18185,355,66,14,2799.17,41763.26
2026-03-28,Festival Offer,Google Ads,Mobile,Mumbai,28755,815,85,22,6482.5,66808.61
2026-01-23,Valentine Offer,Google Ads,Desktop,Mumbai,37644,877,122,30,8665.31,82597.37
2026-03-04,App Install Drive,Google Ads,Desktop,Hyderabad,25164,541,53,14,4264.48,35740.47
2026-01-22,Retargeting Push,Meta Ads,Desktop,Bengaluru,41209,564,53,16,6897.11,51440.05
2026-03-12,February Promo,Google Ads,Mobile,Mumbai,42667,948,121,31,7094.46,75994.27
2026-02-15,Product Launch,Meta Ads,Mobile,Mumbai,45832,918,130,24,7618.3,64175.07
2026-01-22,Festival Offer,Organic,Mobile,Other India,28224,1043,158,48,229.7,156495.59
2026-02-18,February Promo,Google Ads,Desktop,Chennai,13606,328,38,10,3020.16,27158.61
2026-01-28,Valentine Offer,Google Ads,Mobile,Bengaluru,21582,410,54,23,3966.67,74503.06
2026-03-30,New Year Sale,LinkedIn,Mobile,Bengaluru,27247,376,46,11,7864.73,52288.74
2026-02-25,Valentine Offer,Organic,Mobile,Other India,30069,1950,265,53,267.16,126440.07
2026-01-26,Valentine Offer,Meta Ads,Desktop,Pune,25311,440,46,10,3221.47,19637.71
2026-01-03,Festival Offer,Meta Ads,Desktop,Bengaluru,21637,284,21,8,3613.59,21587.25
2026-03-26,Winter Campaign,Organic,Desktop,Bengaluru,72339,1980,310,77,477.52,168835.85
2026-01-26,Brand Awareness,Google Ads,Mobile,Mumbai,38648,674,55,13,6564.61,30008.83
2026-02-12,Product Launch,Organic,Desktop,Delhi NCR,28855,742,99,34,212.51,71774.44
2026-01-19,Brand Awareness,Google Ads,Mobile,Chennai,36895,641,33,11,7835.23,21650.23
2026-03-02,Product Launch,Google Ads,Mobile,Chennai,24848,432,69,12,5552.65,37650.45
2026-01-28,App Install Drive,Meta Ads,Mobile,Other India,20057,340,19,3,2345.28,8566.64
2026-02-05,February Promo,Organic,Mobile,Bengaluru,48914,2212,363,117,413.86,297987.74
2026-01-13,Festival Offer,Google Ads,Mobile,Mumbai,27949,652,67,23,5838.14,79938.8
2026-03-27,Winter Campaign,Organic,Mobile,Chennai,38282,999,86,13,311.4,32319.8
2026-03-02,Retargeting Push,Google Ads,Desktop,Chennai,26409,581,82,34,4484.11,135308.26
2026-03-29,Brand Awareness,Email,Mobile,Hyderabad,22776,1149,103,25,406.7,68232.75
2026-01-29,Spring Sale,Organic,Mobile,Chennai,45199,1770,248,54,383.58,170728.13
2026-02-12,Winter Campaign,Meta Ads,Mobile,Hyderabad,57143,985,57,19,8279.79,38509.65
2026-01-05,February Promo,Google Ads,Mobile,Other India,23756,571,56,5,4259.14,14147.89
2026-03-30,Valentine Offer,Google Ads,Desktop,Other India,19304,448,39,14,3437.14,35616.73
2026-01-25,Product Launch,Meta Ads,Desktop,Hyderabad,19304,214,46,9,2884.18,23369.26
2026-02-09,Winter Campaign,Meta Ads,Mobile,Mumbai,15881,258,26,1,2049.95,2645.77
2026-02-04,App Install Drive,Email,Mobile,Mumbai,11223,466,74,20,210.08,65376.12
2026-02-07,Festival Offer,LinkedIn,Mobile,Chennai,8848,155,10,4,2353.41,21311.9
2026-02-08,Brand Awareness,Google Ads,Desktop,Other India,45704,1003,62,8,8779.34,13452.64
2026-03-20,Brand Awareness,Organic,Desktop,Pune,40992,1250,141,43,334.34,97054.19
2026-02-24,Product Launch,LinkedIn,Desktop,Delhi NCR,14617,151,20,2,4040.22,7914.58
2026-02-03,Winter Campaign,Google Ads,Mobile,Mumbai,64557,1179,88,12,8980.46,34009.27
2026-01-19,Retargeting Push,Google Ads,Mobile,Bengaluru,36717,1068,207,45,6441.72,122883.33
2026-02-22,Winter Campaign,Organic,Desktop,Bengaluru,114146,4053,444,77,795.83,146081.76
2026-01-14,Winter Campaign,Meta Ads,Mobile,Mumbai,45805,843,67,18,7971.87,33011.93
2026-03-16,Product Launch,Email,Mobile,Mumbai,30221,2136,389,88,557.8,268273.02
2026-02-12,App Install Drive,Google Ads,Mobile,Bengaluru,23974,544,50,5,3660.16,14265.87
2026-03-31,Spring Sale,Google Ads,Mobile,Mumbai,15203,397,45,7,2813.15,20897.72
2026-03-31,Brand Awareness,Meta Ads,Desktop,Mumbai,35666,455,21,2,6990.55,4539.9
2026-02-06,February Promo,Google Ads,Mobile,Delhi NCR,42561,829,124,32,6551.71,94552.79
2026-01-31,Product Launch,Email,Mobile,Bengaluru,23916,1304,167,42,458.21,105337.03
2026-03-15,App Install Drive,Google Ads,Desktop,Delhi NCR,28097,503,44,17,4851.0,64173.58
2026-02-24,Retargeting Push,Google Ads,Mobile,Mumbai,26228,846,134,35,3754.05,147995.05
2026-02-11,Valentine Offer,LinkedIn,Mobile,Chennai,7799,102,19,4,2426.39,20037.33
2026-03-04,Retargeting Push,Organic,Mobile,Bengaluru,90431,4122,614,189,551.12,501424.82
2026-02-10,App Install Drive,Email,Mobile,Hyderabad,28063,1313,159,62,555.85,171547.0
2026-02-11,Valentine Offer,Meta Ads,Mobile,Mumbai,56220,1750,176,35,10076.51,105610.07
2026-03-10,New Year Sale,Meta Ads,Desktop,Hyderabad,69494,1382,89,31,11905.26,66255.27
2026-01-20,New Year Sale,Organic,Desktop,Mumbai,46094,1555,133,32,359.17,84898.83
2026-01-10,Retargeting Push,Google Ads,Mobile,Mumbai,58793,2320,356,104,8811.82,377440.72
2026-03-19,Retargeting Push,Google Ads,Desktop,Delhi NCR,35508,892,105,32,6241.46,110257.27
2026-02-02,Winter Campaign,LinkedIn,Mobile,Pune,6048,65,5,0,1797.05,0.0
2026-03-22,Winter Campaign,Google Ads,Mobile,Other India,23228,370,22,3,4151.61,7591.46
2026-01-21,App Install Drive,Email,Desktop,Other India,13268,641,77,14,246.69,51897.48
2026-01-24,Retargeting Push,Email,Desktop,Chennai,17452,963,150,54,381.17,165869.31
2026-01-27,Valentine Offer,LinkedIn,Mobile,Pune,9937,166,20,6,2470.65,28819.58
2026-01-08,New Year Sale,LinkedIn,Mobile,Bengaluru,13079,266,30,9,3452.3,47299.86
2026-02-10,Festival Offer,Meta Ads,Mobile,Hyderabad,23334,656,69,13,3277.04,42361.66
2026-03-01,Product Launch,Meta Ads,Desktop,Delhi NCR,29475,324,48,9,4488.22,16423.33
2026-02-13,February Promo,Google Ads,Mobile,Hyderabad,18222,356,42,10,3566.39,20555.83
2026-03-29,Spring Sale,Organic,Desktop,Bengaluru,56378,1973,278,55,350.73,120483.4
2026-03-08,New Year Sale,Email,Mobile,Delhi NCR,24833,1369,257,71,474.49,224844.1
2026-03-01,Product Launch,Organic,Desktop,Other India,32072,1108,75,15,198.07,43343.47
2026-01-11,Brand Awareness,Google Ads,Mobile,Mumbai,27012,532,28,7,4949.31,13886.22
2026-01-08,Spring Sale,Organic,Desktop,Mumbai,24147,605,92,23,166.56,52234.22
2026-02-06,New Year Sale,LinkedIn,Desktop,Delhi NCR,5697,48,6,0,1115.38,0.0
2026-03-03,Spring Sale,LinkedIn,Desktop,Delhi NCR,15082,143,18,1,3761.73,5192.59
2026-03-22,Spring Sale,Organic,Mobile,Hyderabad,41807,1454,215,66,269.84,135590.7
2026-01-25,New Year Sale,Meta Ads,Mobile,Bengaluru,36955,782,90,18,5596.99,50015.15
2026-03-04,New Year Sale,Google Ads,Desktop,Other India,23765,646,62,11,4363.77,34216.38
2026-03-25,Product Launch,Email,Mobile,Mumbai,25093,2242,779,245,498.18,597571.78
2026-03-30,Winter Campaign,Meta Ads,Desktop,Hyderabad,42777,633,53,7,7765.14,13822.28
2026-03-15,Product Launch,Meta Ads,Mobile,Delhi NCR,49163,1542,208,66,7936.49,179716.33
2026-02-09,Brand Awareness,Google Ads,Mobile,Hyderabad,56622,1339,124,25,14069.92,50584.85
2026-01-13,Retargeting Push,Google Ads,Mobile,Bengaluru,25634,655,119,28,4275.24,109275.57
2026-03-24,February Promo,Organic,Mobile,Hyderabad,55456,1909,220,51,408.74,145068.51
2026-03-29,Winter Campaign,Organic,Mobile,Mumbai,58989,2479,287,86,376.72,195185.79
2026-02-12,Festival Offer,Email,Mobile,Chennai,15630,980,113,33,284.32,142655.15
2026-01-26,Product Launch,Meta Ads,Desktop,Chennai,20407,467,48,12,3540.14,27415.95
2026-01-26,Product Launch,Email,Mobile,Chennai,12920,483,74,7,265.76,27372.2
2026-02-19,February Promo,Meta Ads,Desktop,Bengaluru,31954,657,67,20,6709.82,48061.0
2026-03-14,Winter Campaign,Google Ads,Mobile,Chennai,20975,438,38,8,3812.8,24268.41
2026-03-03,Spring Sale,Google Ads,Desktop,Hyderabad,26272,545,117,26,5270.29,62097.05
2026-03-11,Retargeting Push,Google Ads,Mobile,Bengaluru,8649,284,25,9,1564.71,31875.42
2026-02-19,Valentine Offer,Email,Mobile,Hyderabad,11769,748,66,14,175.41,58121.76
2026-03-16,Winter Campaign,Email,Mobile,Hyderabad,17299,901,95,26,326.59,55736.07
2026-03-31,Brand Awareness,Google Ads,Mobile,Mumbai,16856,239,25,5,3166.51,9925.6
2026-01-11,Brand Awareness,Meta Ads,Mobile,Hyderabad,21037,344,25,3,3648.22,4804.74
2026-02-27,Product Launch,Meta Ads,Desktop,Pune,42813,547,41,11,6711.99,28897.84
2026-03-15,Festival Offer,Organic,Desktop,Delhi NCR,31307,869,94,33,198.23,96104.21
2026-03-26,Retargeting Push,Organic,Desktop,Other India,79261,1536,232,64,594.4,167987.22
2026-03-27,February Promo,LinkedIn,Desktop,Bengaluru,15013,115,33,5,3552.55,21574.76
2026-03-04,Product Launch,Email,Mobile,Hyderabad,15506,911,124,39,266.59,116526.26
2026-01-19,Brand Awareness,LinkedIn,Desktop,Chennai,18347,113,15,0,5609.18,0.0
2026-02-03,Valentine Offer,LinkedIn,Mobile,Pune,23368,421,56,16,7005.01,105559.61
2026-01-20,Winter Campaign,LinkedIn,Mobile,Bengaluru,7565,68,14,3,1771.21,13022.28
2026-01-03,Brand Awareness,LinkedIn,Desktop,Hyderabad,10881,110,13,1,2969.19,3210.1
2026-02-10,Retargeting Push,Email,Desktop,Mumbai,16527,1076,149,43,213.86,175446.21
2026-02-13,Product Launch,LinkedIn,Mobile,Bengaluru,8707,149,28,4,1994.68,27944.79
2026-02-24,Valentine Offer,Google Ads,Mobile,Mumbai,18856,453,57,22,3459.84,62464.52
2026-01-14,Brand Awareness,Meta Ads,Mobile,Hyderabad,40410,538,38,4,5227.91,7143.15
2026-02-24,Valentine Offer,Meta Ads,Desktop,Hyderabad,26432,328,26,6,3793.44,15907.66
2026-03-28,Product Launch,Google Ads,Desktop,Delhi NCR,50218,1052,159,48,10242.33,149777.32
2026-03-19,Retargeting Push,Email,Mobile,Hyderabad,23902,1256,384,179,339.08,650321.53
2026-03-19,App Install Drive,Google Ads,Mobile,Chennai,19490,307,29,8,4814.45,28463.83
2026-03-27,App Install Drive,Google Ads,Mobile,Delhi NCR,80251,1873,233,58,14589.18,164451.04
2026-01-03,Winter Campaign,Google Ads,Mobile,Hyderabad,17367,317,30,4,2802.0,9819.26
2026-03-26,Retargeting Push,Meta Ads,Mobile,Hyderabad,26033,550,82,16,3099.28,47191.28
2026-03-06,Brand Awareness,Google Ads,Mobile,Chennai,34048,746,42,3,10289.5,6271.33
2026-01-25,Brand Awareness,Organic,Desktop,Pune,56394,1506,127,40,468.52,78189.38
2026-03-04,Product Launch,Google Ads,Desktop,Mumbai,23267,425,68,20,3997.09,59313.1
2026-03-02,Valentine Offer,Google Ads,Mobile,Mumbai,21170,410,57,10,2802.85,28141.39
2026-02-27,Valentine Offer,Meta Ads,Mobile,Bengaluru,29429,735,77,8,5674.01,28861.06
2026-03-26,Winter Campaign,Email,Mobile,Mumbai,25026,1426,181,38,395.11,86330.12
2026-01-25,New Year Sale,Google Ads,Desktop,Other India,11868,307,46,10,2441.14,24672.04
2026-03-07,Festival Offer,Meta Ads,Desktop,Hyderabad,17763,260,22,3,2323.66,10722.21
2026-01-10,Product Launch,Organic,Desktop,Mumbai,38942,1136,152,80,267.18,271009.07
2026-01-24,New Year Sale,Organic,Mobile,Bengaluru,34609,1488,233,68,263.64,203811.62
2026-01-16,Spring Sale,Google Ads,Mobile,Chennai,18687,369,30,11,3532.33,36312.15
2026-02-22,Valentine Offer,Meta Ads,Mobile,Mumbai,61007,1829,170,32,8955.33,102468.07
2026-02-12,Winter Campaign,Organic,Desktop,Chennai,53115,1808,210,58,374.66,141879.19
2026-03-11,Spring Sale,Google Ads,Desktop,Mumbai,53712,1458,194,42,9777.84,110657.63
2026-03-20,Festival Offer,Meta Ads,Mobile,Hyderabad,24350,499,44,10,3881.09,22845.78
2026-02-16,Brand Awareness,LinkedIn,Desktop,Other India,12206,57,0,0,3750.63,0.0
2026-01-29,Spring Sale,Organic,Desktop,Hyderabad,49141,1406,204,70,418.99,181870.36
2026-03-19,Retargeting Push,Meta Ads,Mobile,Mumbai,39701,1048,108,11,4972.59,24928.05
2026-01-14,February Promo,LinkedIn,Desktop,Other India,6294,51,10,3,1963.04,12867.49
2026-03-16,Spring Sale,Meta Ads,Desktop,Bengaluru,46094,831,171,57,6427.85,170506.83
2026-01-21,Product Launch,LinkedIn,Mobile,Bengaluru,12449,169,27,4,3408.04,14389.45
2026-01-31,Valentine Offer,Meta Ads,Desktop,Other India,20663,378,19,5,3271.31,14487.86
2026-03-07,Retargeting Push,Google Ads,Mobile,Bengaluru,76053,1819,190,54,10347.5,208995.05
2026-01-05,Brand Awareness,Meta Ads,Mobile,Mumbai,32406,381,17,4,4863.76,6742.21
2026-01-15,Festival Offer,Organic,Mobile,Delhi NCR,76505,4274,365,72,499.43,303917.16
2026-01-07,App Install Drive,Email,Mobile,Delhi NCR,20173,907,139,22,346.89,73199.28
2026-01-29,Winter Campaign,Meta Ads,Mobile,Hyderabad,44197,962,96,13,6116.29,33551.26
2026-03-22,Retargeting Push,Google Ads,Mobile,Bengaluru,65803,2313,286,96,10132.07,322254.76
2026-02-14,Retargeting Push,Google Ads,Mobile,Mumbai,40092,962,117,24,6269.15,74720.65
2026-03-17,New Year Sale,LinkedIn,Mobile,Hyderabad,11483,135,22,4,3692.11,20545.89
2026-01-12,February Promo,Meta Ads,Desktop,Bengaluru,15192,293,24,2,2377.86,4297.46
2026-01-03,App Install Drive,Meta Ads,Mobile,Bengaluru,63393,943,85,26,7314.53,53320.93
2026-02-16,February Promo,Meta Ads,Mobile,Hyderabad,52255,1253,103,16,7664.65,41880.77
2026-03-30,Festival Offer,Meta Ads,Desktop,Hyderabad,14540,248,23,3,1757.78,7263.8
2026-02-19,Festival Offer,Google Ads,Mobile,Hyderabad,9040,234,30,12,1438.76,35823.97
2026-02-07,New Year Sale,Google Ads,Desktop,Bengaluru,28837,634,77,18,5472.89,38963.05
2026-02-03,Valentine Offer,Google Ads,Desktop,Other India,12395,226,19,10,2157.46,25830.7
2026-03-27,Brand Awareness,Email,Mobile,Hyderabad,15669,543,54,4,351.48,8565.88
2026-03-15,Retargeting Push,Meta Ads,Desktop,Mumbai,75465,1376,173,26,9058.87,77911.64
2026-03-13,Retargeting Push,Google Ads,Mobile,Bengaluru,26867,904,241,57,4530.61,180082.43
2026-02-01,Product Launch,Google Ads,Desktop,Delhi NCR,25617,611,92,17,3654.04,38399.24
2026-01-13,Product Launch,LinkedIn,Mobile,Pune,19865,245,34,13,6059.54,52162.32
2026-01-03,Spring Sale,Meta Ads,Mobile,Chennai,35746,641,48,3,4923.58,6365.11
2026-03-23,Retargeting Push,Meta Ads,Desktop,Mumbai,40994,840,82,31,5962.75,75483.31
2026-03-17,Product Launch,Organic,Mobile,Pune,30774,1481,154,17,174.77,46649.62
2026-03-03,Product Launch,Organic,Mobile,Delhi NCR,34888,1080,201,47,226.27,124658.93
2026-02-09,App Install Drive,Google Ads,Desktop,Other India,25071,507,58,9,3633.82,21819.56
2026-01-17,Product Launch,Organic,Mobile,Pune,36102,1352,162,40,252.2,105244.51
2026-03-20,App Install Drive,Organic,Mobile,Mumbai,33215,996,118,37,252.63,75785.23
2026-03-04,Winter Campaign,Email,Mobile,Delhi NCR,15645,631,142,52,277.3,139255.67
2026-01-24,Product Launch,Meta Ads,Mobile,Bengaluru,64962,1715,205,48,9493.88,98355.89
2026-02-21,Winter Campaign,Email,Mobile,Mumbai,15490,504,127,36,279.71,102890.32
2026-01-15,February Promo,LinkedIn,Mobile,Mumbai,13323,154,20,2,3557.78,7463.46
2026-01-27,Valentine Offer,Organic,Desktop,Mumbai,35305,1096,147,26,217.96,80985.14
2026-03-17,Spring Sale,Email,Mobile,Mumbai,33120,2401,402,108,591.3,306445.01
2026-01-11,Retargeting Push,Email,Mobile,Delhi NCR,19567,1478,208,67,344.14,235868.79
2026-01-02,Product Launch,Google Ads,Mobile,Mumbai,38869,1016,138,28,6759.09,99992.81
2026-03-02,Retargeting Push,Organic,Desktop,Delhi NCR,86358,3348,293,82,466.07,187161.43
2026-02-09,Retargeting Push,Meta Ads,Desktop,Mumbai,38210,604,86,16,5939.74,40875.81
2026-02-06,Brand Awareness,LinkedIn,Mobile,Pune,8434,107,10,3,2813.19,8775.61
2026-03-27,Spring Sale,Email,Desktop,Pune,22581,1203,173,50,405.43,122119.77
2026-02-04,App Install Drive,Google Ads,Mobile,Pune,40157,934,107,29,8282.63,101303.67
2026-03-06,Spring Sale,Meta Ads,Mobile,Hyderabad,33951,582,59,17,5318.57,61967.65
2026-01-08,App Install Drive,Google Ads,Mobile,Pune,29937,885,126,35,5902.04,75544.26
2026-01-08,Valentine Offer,LinkedIn,Mobile,Bengaluru,19215,234,33,5,6089.71,25046.19
2026-02-10,Brand Awareness,Organic,Desktop,Bengaluru,48503,891,141,26,395.84,46875.04
2026-01-26,Product Launch,Organic,Desktop,Bengaluru,60316,1283,177,48,364.41,127102.94
2026-03-02,App Install Drive,Meta Ads,Mobile,Hyderabad,20522,312,44,13,3084.49,30021.35
2026-02-24,Valentine Offer,Organic,Mobile,Bengaluru,54471,2545,427,133,274.38,366071.79
2026-02-14,Retargeting Push,Organic,Mobile,Other India,19429,1179,143,45,151.56,120816.5
2026-03-11,Brand Awareness,Meta Ads,Desktop,Pune,32552,436,37,8,5665.27,9542.96
2026-01-18,Product Launch,Meta Ads,Mobile,Other India,32730,859,67,9,5095.39,21594.5
2026-02-17,Product Launch,Organic,Mobile,Hyderabad,38119,1258,182,37,235.76,95148.13
2026-03-21,Festival Offer,LinkedIn,Mobile,Bengaluru,7341,117,18,5,1640.66,27561.9
2026-03-04,Retargeting Push,Organic,Desktop,Hyderabad,29475,1125,146,54,174.45,158205.57
2026-01-15,Brand Awareness,Organic,Mobile,Chennai,28241,834,64,14,244.01,26915.5
2026-01-22,February Promo,Google Ads,Mobile,Chennai,21715,469,47,6,3367.64,14820.4
2026-02-09,Winter Campaign,Organic,Mobile,Mumbai,50724,1579,218,67,421.55,154927.7
2026-03-21,Festival Offer,LinkedIn,Desktop,Delhi NCR,9783,129,25,5,2427.12,25712.63
2026-01-15,Festival Offer,Email,Mobile,Mumbai,23209,1316,282,118,433.04,466901.73
2026-03-11,Valentine Offer,LinkedIn,Mobile,Other India,16091,139,7,1,4206.43,4235.39
2026-02-01,Brand Awareness,LinkedIn,Mobile,Other India,4698,45,3,0,1674.21,0.0
2026-02-17,Brand Awareness,LinkedIn,Desktop,Pune,6539,45,8,1,2212.16,3106.37
2026-02-27,Brand Awareness,Email,Mobile,Hyderabad,8436,265,32,12,153.69,25249.89
2026-02-26,Brand Awareness,Email,Desktop,Hyderabad,20714,1022,84,17,403.83,41216.69
2026-01-03,Brand Awareness,Email,Mobile,Bengaluru,27064,1076,149,19,505.25,45238.27
2026-02-22,Valentine Offer,LinkedIn,Mobile,Delhi NCR,27069,519,72,13,8727.13,49037.65
2026-02-13,App Install Drive,Meta Ads,Mobile,Mumbai,34244,576,67,15,5081.05,37677.91
2026-01-07,Brand Awareness,Google Ads,Mobile,Other India,33714,566,50,13,7005.02,28802.97
2026-02-14,Winter Campaign,Meta Ads,Desktop,Delhi NCR,38965,485,48,9,5324.51,22210.93
2026-02-19,Brand Awareness,LinkedIn,Desktop,Bengaluru,11278,117,13,2,4369.85,6001.69
2026-01-07,Spring Sale,Meta Ads,Mobile,Pune,56512,1379,218,37,9251.17,86872.77
2026-02-13,Spring Sale,Meta Ads,Desktop,Mumbai,23704,565,51,11,2780.67,23335.2
2026-03-05,Winter Campaign,Meta Ads,Mobile,Chennai,41182,775,77,17,6474.92,29392.96
2026-01-16,Winter Campaign,Google Ads,Mobile,Mumbai,26260,630,35,7,4541.43,18051.51
2026-01-06,App Install Drive,Google Ads,Desktop,Delhi NCR,20935,399,39,11,3546.22,29801.54
2026-02-24,Brand Awareness,Meta Ads,Mobile,Bengaluru,30541,681,53,5,4289.31,9001.04
2026-03-31,Spring Sale,Google Ads,Desktop,Mumbai,56050,983,165,57,11516.54,175078.56
2026-02-09,Retargeting Push,Email,Desktop,Other India,11671,649,77,51,212.3,196957.49
2026-01-18,Brand Awareness,Google Ads,Mobile,Mumbai,29415,836,52,10,7367.04,25121.42
2026-03-24,Spring Sale,LinkedIn,Mobile,Hyderabad,23169,354,53,18,6289.52,67265.34
2026-03-11,Spring Sale,Organic,Mobile,Bengaluru,28583,1011,135,29,229.71,66044.17
2026-03-06,Retargeting Push,Email,Desktop,Bengaluru,22414,1154,289,103,427.5,330116.89
2026-03-01,App Install Drive,LinkedIn,Mobile,Hyderabad,5184,53,7,4,1324.94,16026.33
2026-01-17,Spring Sale,Google Ads,Mobile,Bengaluru,45437,1579,174,44,8305.3,112583.32
2026-01-23,App Install Drive,Google Ads,Desktop,Pune,18557,523,46,12,2994.75,29984.06
2026-03-29,App Install Drive,Email,Mobile,Pune,22610,1137,155,33,374.44,111191.55
2026-03-07,Brand Awareness,Organic,Mobile,Mumbai,64444,2339,303,36,386.1,67163.51
2026-03-30,February Promo,Email,Desktop,Hyderabad,21991,1092,191,46,527.28,140191.59
2026-02-06,Festival Offer,LinkedIn,Desktop,Other India,7391,89,6,1,2095.51,5353.4
2026-02-17,Winter Campaign,Email,Mobile,Pune,7161,313,42,10,137.57,38440.51
2026-01-14,Brand Awareness,Email,Desktop,Delhi NCR,18049,1017,126,20,364.99,49974.82
2026-03-27,App Install Drive,Meta Ads,Desktop,Delhi NCR,26684,432,50,6,3534.94,17070.36
2026-02-25,New Year Sale,Organic,Mobile,Chennai,34200,1484,177,42,219.53,105318.92
2026-03-09,Spring Sale,Email,Mobile,Hyderabad,22891,1378,205,55,400.34,216889.76
2026-01-20,Spring Sale,Meta Ads,Desktop,Mumbai,47445,828,93,16,6763.89,40508.68
2026-02-07,Product Launch,Meta Ads,Desktop,Hyderabad,26052,420,54,8,3479.68,21028.26
2026-01-11,Product Launch,Email,Desktop,Mumbai,15722,686,152,52,297.54,159526.6
2026-02-28,Retargeting Push,Organic,Mobile,Delhi NCR,62186,2835,491,207,352.34,593416.59
2026-03-13,Brand Awareness,Email,Desktop,Hyderabad,10112,274,29,6,223.23,12016.73
2026-01-08,Winter Campaign,Google Ads,Mobile,Delhi NCR,15344,328,37,8,2867.92,20673.21
2026-02-03,Retargeting Push,LinkedIn,Mobile,Hyderabad,17995,304,44,18,4565.23,93178.21
2026-01-11,Spring Sale,Organic,Mobile,Hyderabad,63699,2521,340,75,418.6,215384.09
2026-03-17,Brand Awareness,LinkedIn,Mobile,Delhi NCR,16605,231,19,1,5215.56,3786.0
2026-01-16,Winter Campaign,Google Ads,Mobile,Delhi NCR,51671,1114,125,35,11430.72,77713.11
2026-02-28,Spring Sale,Meta Ads,Desktop,Mumbai,83196,1557,152,52,13373.87,140757.87
2026-03-20,February Promo,Google Ads,Desktop,Mumbai,48192,1138,175,37,9807.17,84038.82
2026-03-04,February Promo,Google Ads,Mobile,Other India,25426,657,69,11,4226.37,26167.56
2026-02-23,Valentine Offer,LinkedIn,Mobile,Hyderabad,22633,362,45,11,7138.23,56929.21
2026-01-26,February Promo,Meta Ads,Desktop,Mumbai,62459,1052,96,21,8611.87,43858.73
2026-03-02,Retargeting Push,Meta Ads,Mobile,Pune,50746,1281,134,36,5293.05,107978.24
2026-02-18,App Install Drive,Meta Ads,Mobile,Mumbai,57238,1410,159,39,8021.78,93163.84
2026-02-16,Festival Offer,Organic,Desktop,Delhi NCR,53301,1703,266,71,420.17,178387.23
2026-01-30,New Year Sale,Organic,Mobile,Chennai,26786,854,71,17,213.1,37251.2
2026-01-03,Spring Sale,Meta Ads,Mobile,Delhi NCR,28279,593,55,19,3182.59,46829.91
2026-01-02,Festival Offer,Email,Mobile,Delhi NCR,20413,1489,264,40,359.08,96482.7
2026-01-03,Valentine Offer,Meta Ads,Mobile,Chennai,33972,526,30,7,4556.3,15442.53
2026-02-23,Festival Offer,Google Ads,Mobile,Mumbai,41722,1058,110,35,7038.17,101358.57
2026-03-29,New Year Sale,Email,Mobile,Hyderabad,9434,523,87,20,179.2,70053.45
2026-02-15,Product Launch,Google Ads,Mobile,Pune,29199,586,50,14,5021.37,35247.17
2026-03-25,App Install Drive,Meta Ads,Desktop,Hyderabad,43591,545,69,14,6483.21,31490.16
2026-01-29,New Year Sale,Organic,Mobile,Other India,17311,754,85,19,122.08,65347.08
2026-01-29,Valentine Offer,Meta Ads,Mobile,Chennai,42807,1029,90,25,5608.06,85696.03
2026-03-31,Festival Offer,Google Ads,Mobile,Delhi NCR,33681,930,114,30,6706.42,62337.14
2026-03-16,Valentine Offer,Organic,Desktop,Delhi NCR,87431,3318,408,112,559.67,370757.22
2026-01-08,New Year Sale,Organic,Desktop,Other India,21016,720,97,23,161.16,68847.05
2026-02-16,App Install Drive,LinkedIn,Mobile,Delhi NCR,5777,91,11,4,1714.57,21353.8
2026-02-01,Brand Awareness,LinkedIn,Desktop,Hyderabad,10024,92,8,2,2762.96,6101.16
2026-03-12,Festival Offer,LinkedIn,Mobile,Mumbai,22405,274,57,10,6353.74,53084.63
2026-03-05,Festival Offer,Meta Ads,Mobile,Bengaluru,52634,1199,157,22,5401.1,72217.59
2026-03-06,Winter Campaign,Organic,Mobile,Other India,57155,2139,127,30,366.29,100478.57
2026-02-24,Winter Campaign,Google Ads,Mobile,Mumbai,29394,707,93,22,4493.55,53479.03
2026-01-23,February Promo,Meta Ads,Desktop,Other India,32107,500,30,6,5598.97,12326.23
2026-01-23,New Year Sale,Meta Ads,Mobile,Hyderabad,26346,527,70,16,3626.95,31081.73
2026-02-18,App Install Drive,Google Ads,Desktop,Delhi NCR,39455,652,74,23,6707.54,73408.36
2026-03-15,New Year Sale,Google Ads,Mobile,Other India,21855,395,23,9,3659.87,27952.53
2026-02-04,Brand Awareness,Organic,Mobile,Pune,22920,617,33,6,181.87,12538.68
2026-01-24,February Promo,Meta Ads,Mobile,Hyderabad,19906,428,38,9,3082.33,18048.84
2026-03-15,App Install Drive,Organic,Desktop,Delhi NCR,39574,1777,283,65,371.22,112062.8
2026-01-16,Valentine Offer,Meta Ads,Desktop,Chennai,18125,324,27,8,2709.62,26171.87
2026-01-17,Retargeting Push,Organic,Mobile,Delhi NCR,31167,1910,317,67,231.8,187953.98
2026-03-24,Spring Sale,Meta Ads,Mobile,Other India,36564,706,44,10,5605.3,26911.75
2026-01-20,February Promo,Meta Ads,Mobile,Bengaluru,16185,338,19,7,2246.63,21737.26
2026-01-13,App Install Drive,Google Ads,Desktop,Mumbai,22631,331,49,22,4201.12,50906.01
2026-03-27,February Promo,Google Ads,Mobile,Other India,13821,245,17,6,2845.86,19985.03
2026-01-20,Retargeting Push,Meta Ads,Mobile,Delhi NCR,32569,745,77,19,5149.88,49234.31
2026-02-26,Product Launch,Google Ads,Desktop,Pune,18939,392,43,9,3829.92,22298.84
2026-02-10,Retargeting Push,Google Ads,Mobile,Other India,35689,785,64,11,4934.71,37221.73
2026-03-25,New Year Sale,Organic,Mobile,Hyderabad,55866,2347,337,114,429.15,326469.1
2026-03-13,Festival Offer,Meta Ads,Desktop,Mumbai,23551,558,79,17,3020.58,47297.0
2026-02-15,Product Launch,Email,Mobile,Hyderabad,14034,926,131,48,235.83,123819.03
2026-01-22,App Install Drive,Google Ads,Mobile,Hyderabad,32428,739,87,22,6139.47,55130.96
2026-02-19,Winter Campaign,Organic,Desktop,Hyderabad,49654,1225,138,34,351.81,103922.47
2026-02-13,Brand Awareness,Organic,Mobile,Other India,19174,359,28,3,150.64,5578.76
2026-03-07,New Year Sale,Google Ads,Mobile,Bengaluru,50853,1112,170,41,7881.1,124424.56
2026-02-28,App Install Drive,Organic,Mobile,Pune,55009,2732,416,95,333.12,241171.48
2026-02-06,Valentine Offer,Google Ads,Desktop,Delhi NCR,32184,682,116,32,7273.42,118731.72
2026-01-02,New Year Sale,Google Ads,Mobile,Delhi NCR,21895,528,78,19,4287.16,58049.31
2026-03-14,Winter Campaign,Meta Ads,Desktop,Bengaluru,25623,661,69,12,3359.12,20044.79
2026-03-28,Valentine Offer,LinkedIn,Desktop,Mumbai,6510,110,22,5,1568.41,22867.46
2026-02-19,Product Launch,Meta Ads,Mobile,Pune,25947,594,63,16,3513.81,41891.07
2026-01-10,Festival Offer,Organic,Desktop,Delhi NCR,79266,4705,770,231,532.4,593854.92
2026-03-06,Winter Campaign,Organic,Mobile,Bengaluru,47481,1321,174,31,297.87,61835.51
2026-02-03,Product Launch,Google Ads,Mobile,Bengaluru,23291,550,70,19,4992.27,53241.3
2026-02-19,Valentine Offer,Meta Ads,Mobile,Bengaluru,43057,854,119,27,5532.35,55315.57
2026-01-02,Festival Offer,Email,Mobile,Hyderabad,5167,344,48,13,93.37,42006.87
2026-01-06,February Promo,Google Ads,Mobile,Chennai,39430,1139,199,43,8972.82,156217.99
2026-03-11,Valentine Offer,Meta Ads,Mobile,Delhi NCR,43686,1043,143,38,5875.17,94330.36
2026-01-23,New Year Sale,Meta Ads,Mobile,Hyderabad,31802,938,117,18,4254.86,52142.6
2026-01-06,Brand Awareness,Google Ads,Desktop,Bengaluru,32219,536,38,4,6075.43,7049.37
2026-01-30,Product Launch,Organic,Mobile,Bengaluru,71059,3079,460,120,512.56,338597.06
2026-01-19,Product Launch,Google Ads,Desktop,Mumbai,34840,850,108,29,6181.52,75230.73
2026-01-04,Spring Sale,Organic,Desktop,Pune,72567,2189,304,57,453.11,175806.73
2026-02-20,Valentine Offer,LinkedIn,Mobile,Chennai,14210,237,32,4,4936.31,19886.47
2026-03-31,Spring Sale,Meta Ads,Mobile,Bengaluru,22297,556,41,12,3119.77,30791.61
2026-02-03,App Install Drive,Meta Ads,Mobile,Chennai,109198,2239,164,22,19099.91,58990.62
2026-02-14,Valentine Offer,Meta Ads,Mobile,Delhi NCR,31811,708,95,27,5067.19,91821.63
2026-02-12,App Install Drive,Organic,Mobile,Pune,22661,690,63,22,192.8,46953.66
2026-03-03,Valentine Offer,Meta Ads,Mobile,Other India,36082,980,97,19,4766.68,39586.66
2026-03-06,New Year Sale,Email,Desktop,Hyderabad,14244,605,92,33,280.73,137161.92
2026-01-07,Winter Campaign,LinkedIn,Mobile,Hyderabad,20516,280,31,4,6584.51,17366.33
2026-03-12,New Year Sale,LinkedIn,Mobile,Other India,9848,154,23,3,2087.06,11939.48
2026-03-26,Spring Sale,Google Ads,Desktop,Chennai,41802,692,79,27,6975.04,62625.35
2026-02-26,February Promo,Google Ads,Desktop,Delhi NCR,45735,1020,91,20,9106.11,50239.13
2026-01-19,New Year Sale,Email,Mobile,Hyderabad,15063,890,206,76,286.87,187613.12
2026-01-22,New Year Sale,Email,Desktop,Mumbai,22504,1117,362,108,378.67,272049.08
2026-03-07,Retargeting Push,Meta Ads,Desktop,Bengaluru,29677,464,80,18,3878.48,55706.02
2026-03-28,Brand Awareness,LinkedIn,Desktop,Hyderabad,14185,126,12,4,3334.15,14109.57
2026-03-01,February Promo,Google Ads,Mobile,Bengaluru,56188,1032,116,19,11195.48,44669.27
2026-03-31,Valentine Offer,LinkedIn,Desktop,Hyderabad,6028,80,17,1,1543.59,5063.88
2026-03-04,New Year Sale,Google Ads,Desktop,Delhi NCR,40066,960,128,28,7170.01,86598.13
2026-02-16,Product Launch,Organic,Desktop,Hyderabad,31667,834,108,29,219.26,103968.18
2026-01-19,Spring Sale,Meta Ads,Mobile,Hyderabad,30704,597,66,16,5048.23,38263.62
2026-02-06,Festival Offer,Organic,Mobile,Delhi NCR,115912,3792,694,199,841.14,520813.6
2026-03-12,Brand Awareness,LinkedIn,Mobile,Hyderabad,5318,52,6,0,2157.78,0.0
2026-03-21,Valentine Offer,Email,Desktop,Hyderabad,15074,605,91,23,251.42,78302.94
2026-02-16,Retargeting Push,LinkedIn,Mobile,Hyderabad,10879,157,27,3,2459.2,20481.32
2026-03-12,February Promo,LinkedIn,Mobile,Hyderabad,8358,95,8,1,2051.29,5364.57
2026-01-10,Brand Awareness,Meta Ads,Desktop,Hyderabad,27748,297,23,2,4445.08,2685.26
2026-03-25,Brand Awareness,Organic,Desktop,Mumbai,97169,2824,321,40,650.63,72722.17
2026-03-13,Retargeting Push,Google Ads,Mobile,Mumbai,26064,529,92,21,4561.33,73450.89
2026-03-02,Winter Campaign,Meta Ads,Desktop,Delhi NCR,42209,651,59,10,5647.86,20022.94
2026-01-04,Brand Awareness,Google Ads,Desktop,Chennai,24760,398,55,10,4838.43,18718.19
2026-03-01,Spring Sale,LinkedIn,Desktop,Bengaluru,34211,573,82,9,9836.92,43584.7
2026-02-02,New Year Sale,Meta Ads,Mobile,Delhi NCR,33826,742,117,25,4779.27,71184.18
2026-02-14,Festival Offer,LinkedIn,Mobile,Other India,4867,89,15,3,1065.56,13762.95
2026-03-20,Valentine Offer,Google Ads,Mobile,Pune,27533,593,48,19,4197.34,65144.75
2026-02-10,Winter Campaign,Email,Mobile,Pune,10084,379,52,15,224.11,40133.66
2026-03-31,Festival Offer,Organic,Desktop,Bengaluru,37890,1249,142,53,221.41,133696.87
2026-01-25,Winter Campaign,Email,Mobile,Mumbai,23671,1358,329,78,444.52,185458.3
2026-02-10,February Promo,Organic,Mobile,Mumbai,42773,2127,207,66,332.34,165409.72
2026-02-21,Brand Awareness,Google Ads,Desktop,Bengaluru,16469,242,31,4,3010.18,9985.13
2026-03-30,Valentine Offer,Google Ads,Desktop,Chennai,23169,867,103,35,4159.81,99435.99
2026-03-09,App Install Drive,Organic,Mobile,Hyderabad,28661,1231,240,53,158.46,117049.59
2026-03-31,Retargeting Push,Meta Ads,Mobile,Other India,38375,746,68,9,4678.02,22011.54
2026-03-28,Winter Campaign,Google Ads,Desktop,Bengaluru,19758,277,25,3,3912.67,7135.84
2026-03-21,Spring Sale,Organic,Mobile,Hyderabad,76125,2952,315,72,381.7,232758.03
2026-01-02,February Promo,Google Ads,Desktop,Mumbai,11709,197,16,5,2512.94,13465.41
2026-01-02,Product Launch,Google Ads,Mobile,Pune,14579,277,36,7,2966.97,27786.22
2026-03-07,New Year Sale,Meta Ads,Mobile,Other India,33565,668,45,9,4297.82,25259.74
2026-03-19,February Promo,Google Ads,Mobile,Bengaluru,26116,517,58,15,4933.1,39479.57
2026-02-06,App Install Drive,Google Ads,Mobile,Pune,17131,467,35,5,2647.68,16618.49
2026-02-05,Brand Awareness,Meta Ads,Mobile,Mumbai,27870,346,33,7,3975.19,14039.19
2026-01-26,Retargeting Push,Organic,Desktop,Other India,26042,1108,123,24,203.8,85432.41
2026-03-22,Brand Awareness,Google Ads,Mobile,Mumbai,36249,468,48,6,8393.99,11786.49
2026-03-02,New Year Sale,Meta Ads,Desktop,Other India,36588,764,95,10,4920.3,28692.64
2026-01-09,Festival Offer,LinkedIn,Mobile,Pune,14530,199,12,3,3124.62,14400.84
2026-03-06,Product Launch,Meta Ads,Desktop,Mumbai,18236,272,24,3,2935.28,7770.24
2026-02-12,Product Launch,Meta Ads,Desktop,Chennai,27812,446,48,9,4042.89,26405.27
2026-03-03,New Year Sale,Meta Ads,Desktop,Hyderabad,26487,532,71,17,4813.45,49573.35
2026-03-16,February Promo,Meta Ads,Desktop,Mumbai,52908,584,80,15,6242.62,29203.07
2026-02-02,App Install Drive,LinkedIn,Mobile,Chennai,7926,143,21,4,2136.4,19627.73
2026-03-13,Retargeting Push,Email,Mobile,Pune,17184,1275,243,82,294.6,293362.04
2026-01-06,App Install Drive,Organic,Mobile,Other India,30700,1337,159,33,170.09,79008.7
2026-03-23,Retargeting Push,LinkedIn,Mobile,Pune,10790,151,20,5,2746.49,27180.73
2026-01-24,Valentine Offer,LinkedIn,Desktop,Chennai,8237,92,8,1,2153.14,3484.63
2026-01-22,New Year Sale,Google Ads,Desktop,Delhi NCR,27773,566,59,17,5397.38,40029.7
2026-03-21,App Install Drive,Google Ads,Mobile,Chennai,31743,566,65,25,6351.7,72740.16
2026-03-03,Spring Sale,Organic,Desktop,Pune,67665,1927,195,45,511.62,140946.89
2026-03-24,App Install Drive,Meta Ads,Mobile,Delhi NCR,45846,888,79,12,5522.41,29136.07
2026-02-03,Valentine Offer,Organic,Mobile,Other India,22568,1032,118,25,128.18,85825.77
2026-01-16,App Install Drive,Email,Mobile,Hyderabad,22024,1490,223,52,455.03,114462.36
2026-02-25,Retargeting Push,Organic,Desktop,Mumbai,55433,2321,342,67,351.92,139216.51
2026-02-12,Product Launch,Google Ads,Mobile,Chennai,17839,513,49,8,3782.37,30928.42
2026-03-04,Brand Awareness,Google Ads,Mobile,Bengaluru,42169,763,63,16,8006.64,29964.82
2026-02-14,App Install Drive,Organic,Mobile,Other India,54374,1602,200,54,325.2,133061.77
2026-01-10,Product Launch,Meta Ads,Mobile,Hyderabad,23882,554,63,17,3957.13,38545.87
2026-03-12,New Year Sale,Organic,Mobile,Chennai,45069,1483,153,67,265.22,219558.43
2026-01-31,Festival Offer,Organic,Mobile,Delhi NCR,49106,1432,273,79,395.08,239684.22
2026-02-16,Product Launch,Meta Ads,Desktop,Bengaluru,37359,577,66,10,6469.51,20013.47
2026-01-06,App Install Drive,Google Ads,Mobile,Delhi NCR,23138,753,76,11,3861.74,26190.85
2026-03-20,Winter Campaign,LinkedIn,Mobile,Mumbai,10248,128,25,5,1928.45,20431.61
2026-03-22,New Year Sale,Email,Mobile,Delhi NCR,21025,1172,268,99,330.38,382362.23
2026-02-08,February Promo,Meta Ads,Mobile,Delhi NCR,26217,576,49,14,4238.63,24090.7
2026-01-18,Valentine Offer,Google Ads,Desktop,Delhi NCR,17977,393,55,19,3175.45,63803.48
2026-02-21,Festival Offer,Meta Ads,Mobile,Delhi NCR,31470,889,109,22,4614.41,65796.53
2026-01-20,Festival Offer,Google Ads,Mobile,Other India,29935,657,53,14,5160.77,29811.04
2026-02-12,February Promo,Google Ads,Mobile,Bengaluru,18452,523,71,19,4140.52,55561.6
2026-02-06,Retargeting Push,Organic,Mobile,Mumbai,55678,3384,615,248,351.18,611571.51
2026-03-15,Winter Campaign,Organic,Mobile,Hyderabad,36117,947,103,20,310.23,45929.38
2026-02-28,February Promo,Organic,Desktop,Hyderabad,95770,2732,326,41,678.1,68480.95
2026-01-20,Product Launch,Email,Mobile,Hyderabad,16432,1001,192,53,281.45,138778.51
2026-02-18,February Promo,Email,Desktop,Bengaluru,29327,1370,216,58,554.93,147736.71
2026-02-04,Brand Awareness,Meta Ads,Mobile,Other India,26142,378,29,3,4949.95,6664.99
2026-03-15,Brand Awareness,Google Ads,Mobile,Delhi NCR,44430,535,26,3,9942.82,6322.43
2026-03-09,Retargeting Push,Email,Desktop,Pune,12499,532,118,43,195.96,162737.08
2026-03-13,Valentine Offer,Google Ads,Mobile,Chennai,18550,767,96,13,4225.87,32398.57
2026-01-08,Festival Offer,Meta Ads,Mobile,Mumbai,48097,1123,107,19,7038.33,60090.81
2026-03-23,App Install Drive,Organic,Mobile,Bengaluru,53201,1680,390,105,365.51,320157.93
2026-03-25,Brand Awareness,Organic,Mobile,Delhi NCR,52402,1741,218,24,515.85,41943.85
2026-03-15,Product Launch,Meta Ads,Mobile,Other India,21927,512,39,8,3539.58,20834.13
2026-03-20,Retargeting Push,Email,Mobile,Chennai,9486,623,129,53,136.23,163080.81
2026-03-13,Spring Sale,Organic,Desktop,Pune,47700,1469,204,64,325.54,192053.77
2026-03-31,New Year Sale,LinkedIn,Mobile,Chennai,19272,285,47,12,5876.72,52738.78
2026-01-15,February Promo,LinkedIn,Desktop,Mumbai,12240,159,17,2,3206.93,7795.92
2026-02-06,Spring Sale,Google Ads,Mobile,Mumbai,17213,327,60,7,3474.17,18267.8
2026-03-09,Valentine Offer,LinkedIn,Mobile,Bengaluru,33172,504,151,23,10846.29,125050.81
2026-02-21,New Year Sale,Meta Ads,Mobile,Other India,51601,1224,126,21,7761.15,46075.37
2026-02-03,Brand Awareness,Meta Ads,Mobile,Pune,37704,574,66,8,6863.98,13174.08
2026-03-10,Brand Awareness,Organic,Desktop,Mumbai,87187,2248,334,60,614.95,106336.3
2026-03-04,Winter Campaign,Google Ads,Mobile,Bengaluru,63359,2057,169,30,11429.66,82510.09
2026-03-10,Winter Campaign,LinkedIn,Mobile,Delhi NCR,14917,157,32,7,4154.92,22325.86
2026-03-24,February Promo,Meta Ads,Mobile,Pune,28372,519,48,6,5457.82,12581.67
2026-01-08,Product Launch,LinkedIn,Mobile,Mumbai,9754,141,16,4,2748.55,17875.76
2026-01-02,Retargeting Push,Email,Desktop,Hyderabad,16643,1019,172,44,347.95,166247.66
2026-01-02,App Install Drive,LinkedIn,Mobile,Other India,13111,235,29,6,3606.15,19262.89
2026-01-27,New Year Sale,LinkedIn,Mobile,Bengaluru,20169,225,22,7,4701.41,34756.3
2026-02-24,New Year Sale,Meta Ads,Mobile,Delhi NCR,46581,925,89,31,6797.66,85136.31
2026-01-19,Product Launch,Organic,Desktop,Bengaluru,69803,3001,433,97,443.28,259986.22
2026-02-05,Spring Sale,Email,Mobile,Delhi NCR,40497,1658,393,75,698.84,186615.14
2026-03-03,Winter Campaign,Organic,Mobile,Other India,32908,987,113,27,226.44,55904.1
2026-01-11,Festival Offer,Meta Ads,Mobile,Mumbai,39271,919,201,37,6188.24,118168.08
2026-02-05,Retargeting Push,LinkedIn,Mobile,Pune,5231,101,11,5,1215.51,24975.13
2026-02-17,Brand Awareness,Google Ads,Mobile,Chennai,18915,340,27,6,4190.86,11693.58
2026-01-29,Spring Sale,Meta Ads,Mobile,Other India,52882,946,79,9,7988.88,21550.37
2026-03-02,New Year Sale,Meta Ads,Desktop,Bengaluru,39115,753,76,25,5195.28,53245.41
2026-01-08,Product Launch,Meta Ads,Mobile,Hyderabad,40831,1220,114,21,6555.49,52262.16
2026-02-18,Product Launch,Email,Mobile,Mumbai,19978,1308,205,48,368.33,159405.39
2026-01-30,Retargeting Push,Google Ads,Mobile,Hyderabad,24512,667,84,29,5529.9,68672.56
2026-01-16,Festival Offer,Email,Mobile,Bengaluru,9498,895,174,53,195.84,190273.65
2026-01-29,New Year Sale,Organic,Desktop,Hyderabad,28746,961,97,28,237.41,85214.69
2026-01-30,App Install Drive,Meta Ads,Desktop,Pune,12774,221,22,3,1708.68,6232.31
2026-02-02,Retargeting Push,Organic,Mobile,Chennai,29926,832,120,31,207.91,84401.13
2026-03-22,New Year Sale,Meta Ads,Mobile,Bengaluru,51192,841,73,11,7987.77,28298.82
2026-01-24,Brand Awareness,Organic,Desktop,Mumbai,67237,1397,108,18,515.68,38512.32
2026-03-16,App Install Drive,Meta Ads,Desktop,Delhi NCR,68118,1279,103,20,10214.44,36847.31
2026-02-22,Product Launch,Google Ads,Mobile,Pune,48481,1345,118,41,9573.01,116405.7
2026-03-24,Spring Sale,Meta Ads,Mobile,Hyderabad,30090,753,95,14,4229.97,34388.52
2026-03-01,New Year Sale,Google Ads,Mobile,Delhi NCR,19646,436,55,20,3643.68,88924.03
2026-03-20,Brand Awareness,LinkedIn,Mobile,Pune,22220,319,23,2,6718.93,7015.26
2026-01-15,Festival Offer,Google Ads,Desktop,Mumbai,63551,1464,206,70,10765.61,142181.21
2026-03-13,Valentine Offer,Organic,Mobile,Other India,47012,1598,214,66,309.65,220246.22
2026-03-30,Spring Sale,Google Ads,Mobile,Mumbai,30150,699,104,18,6632.93,60665.64
2026-02-14,Spring Sale,Meta Ads,Mobile,Mumbai,51570,922,88,27,7636.73,55219.5
2026-01-25,Spring Sale,LinkedIn,Desktop,Delhi NCR,14359,166,19,3,3721.93,12486.84
2026-02-28,February Promo,Meta Ads,Mobile,Delhi NCR,20534,480,73,16,3022.45,38937.47
2026-02-20,Brand Awareness,Google Ads,Mobile,Hyderabad,17172,231,20,5,3723.49,9530.94
2026-01-13,Spring Sale,Google Ads,Mobile,Mumbai,56996,1777,253,56,9278.68,198864.99
2026-03-07,Brand Awareness,Meta Ads,Desktop,Other India,45901,645,33,10,9134.2,18324.4
2026-01-06,Valentine Offer,LinkedIn,Mobile,Bengaluru,12165,223,38,8,3133.82,43439.42
2026-01-22,New Year Sale,Organic,Desktop,Delhi NCR,60260,1501,177,69,361.77,189242.2
2026-02-02,Spring Sale,Email,Mobile,Delhi NCR,9560,692,247,105,131.1,327472.24
2026-01-28,New Year Sale,LinkedIn,Desktop,Other India,9494,96,15,2,2918.99,9754.03
2026-02-11,Brand Awareness,Organic,Mobile,Pune,51000,1484,99,24,428.91,38848.31
2026-03-03,Valentine Offer,Google Ads,Desktop,Bengaluru,20632,401,44,11,4198.88,41514.95
2026-01-02,Festival Offer,Google Ads,Mobile,Other India,25001,441,59,7,4852.1,21015.84
2026-03-16,Retargeting Push,Google Ads,Mobile,Chennai,54570,1640,234,97,8687.58,305839.31
2026-03-08,Product Launch,Organic,Mobile,Delhi NCR,92958,3784,553,172,584.99,481751.9
2026-01-18,New Year Sale,Organic,Desktop,Chennai,79235,3740,563,165,534.23,466071.56
2026-02-24,Retargeting Push,Organic,Mobile,Bengaluru,46966,2021,331,57,275.37,162932.38
2026-03-06,New Year Sale,Meta Ads,Mobile,Bengaluru,61668,1096,114,12,12578.57,26678.01
2026-03-31,Winter Campaign,Google Ads,Mobile,Hyderabad,47545,1024,113,28,7064.36,61603.53
2026-03-19,Brand Awareness,Google Ads,Mobile,Hyderabad,36802,741,62,4,5773.09,8144.11
2026-02-28,Valentine Offer,Organic,Desktop,Mumbai,41322,2404,281,84,210.84,249448.91
2026-03-29,Festival Offer,LinkedIn,Mobile,Hyderabad,6746,82,14,1,1653.43,4567.32
2026-01-21,Product Launch,LinkedIn,Mobile,Hyderabad,17517,297,41,11,4977.06,44174.98
2026-03-13,Festival Offer,Meta Ads,Mobile,Chennai,37472,750,67,15,6118.98,34499.97
2026-01-05,Festival Offer,Organic,Desktop,Bengaluru,56067,1928,206,37,422.2,97922.56
2026-03-16,Retargeting Push,Google Ads,Mobile,Delhi NCR,31323,1333,254,78,5406.21,210348.53
2026-02-02,Brand Awareness,Email,Mobile,Hyderabad,10014,481,91,14,206.34,26313.84
2026-02-22,Spring Sale,Google Ads,Desktop,Pune,19174,477,45,8,2925.75,19855.88
2026-01-01,Valentine Offer,Organic,Mobile,Bengaluru,51101,1500,223,34,381.36,71436.25
2026-03-06,Brand Awareness,Meta Ads,Mobile,Pune,28992,418,25,2,4589.47,3304.51
2026-01-22,February Promo,LinkedIn,Mobile,Other India,13416,188,14,3,2711.56,12100.25
2026-03-28,Festival Offer,Organic,Mobile,Pune,40090,1571,287,116,291.98,264081.29
2026-01-25,February Promo,Google Ads,Mobile,Hyderabad,52717,1034,90,19,8224.7,65012.46
2026-02-20,February Promo,Organic,Mobile,Other India,48413,1711,205,41,337.45,100822.57
2026-01-28,App Install Drive,Meta Ads,Mobile,Other India,22546,380,29,6,3422.75,13957.79
2026-03-10,App Install Drive,Email,Mobile,Pune,12672,606,57,10,184.44,25840.04
2026-02-28,Festival Offer,LinkedIn,Mobile,Mumbai,18935,234,41,11,5505.73,47010.54
2026-02-10,Festival Offer,Organic,Desktop,Mumbai,39956,1249,137,44,272.17,119513.92
2026-02-24,Spring Sale,Meta Ads,Mobile,Mumbai,25897,543,66,21,3766.62,52014.41
2026-03-29,Product Launch,Meta Ads,Mobile,Bengaluru,39660,994,127,29,5804.52,82538.56
2026-02-07,Valentine Offer,Meta Ads,Mobile,Chennai,56048,1596,138,23,6516.79,57390.49
2026-03-19,Product Launch,Email,Mobile,Other India,14310,604,49,16,258.09,45721.64
2026-02-13,Festival Offer,Google Ads,Mobile,Delhi NCR,22591,563,48,12,5321.64,39362.08
2026-01-01,New Year Sale,Email,Mobile,Other India,16378,1424,184,66,321.43,185397.14
2026-03-18,Winter Campaign,Email,Mobile,Mumbai,24251,1399,223,32,350.74,80740.78
2026-03-01,Festival Offer,Meta Ads,Desktop,Delhi NCR,34996,802,79,17,4159.06,51540.99
2026-02-15,February Promo,Meta Ads,Mobile,Bengaluru,27224,885,85,17,4693.78,43864.98
2026-01-02,Festival Offer,Organic,Desktop,Chennai,35725,1150,150,38,273.59,106864.62
2026-03-18,New Year Sale,Meta Ads,Mobile,Other India,43362,917,103,27,6083.49,72316.78
2026-03-01,Brand Awareness,Meta Ads,Mobile,Mumbai,35929,571,36,4,5154.29,6668.46
2026-01-08,Valentine Offer,Google Ads,Mobile,Pune,22507,698,97,41,4333.37,110520.21
2026-02-09,Retargeting Push,Organic,Mobile,Bengaluru,79943,4374,738,271,447.49,841417.21
2026-03-29,Winter Campaign,Google Ads,Mobile,Chennai,19203,330,46,4,3076.63,9273.67
2026-01-30,Product Launch,Organic,Mobile,Delhi NCR,117933,4632,524,93,801.65,278715.98
2026-03-25,New Year Sale,Google Ads,Mobile,Bengaluru,26570,608,88,23,5008.88,57658.59
2026-02-02,App Install Drive,Meta Ads,Mobile,Pune,36802,973,104,20,4170.83,57847.61
2026-01-03,Winter Campaign,Google Ads,Desktop,Hyderabad,23061,569,63,8,4430.51,18776.75
2026-03-11,New Year Sale,Organic,Mobile,Delhi NCR,19695,799,116,33,118.9,103777.84
2026-02-12,Brand Awareness,Organic,Mobile,Chennai,42425,1126,84,22,305.74,36238.17
2026-03-08,App Install Drive,Email,Mobile,Bengaluru,12770,590,85,15,199.98,46651.55
2026-02-03,New Year Sale,Google Ads,Mobile,Delhi NCR,62087,1816,179,32,11214.97,78355.98
2026-02-24,Product Launch,Organic,Mobile,Chennai,37629,1182,187,50,249.52,92709.3
2026-02-12,Spring Sale,Meta Ads,Mobile,Mumbai,80153,2142,274,53,10772.24,131754.01
2026-03-04,Spring Sale,Organic,Desktop,Mumbai,84845,3622,456,120,807.78,351194.04
2026-02-28,Spring Sale,Meta Ads,Mobile,Hyderabad,39515,834,96,23,6547.68,55955.78
2026-02-18,February Promo,LinkedIn,Mobile,Hyderabad,6463,98,24,2,1468.25,8552.05
2026-03-12,Winter Campaign,LinkedIn,Desktop,Bengaluru,9488,109,11,2,2044.04,9789.83
2026-03-26,App Install Drive,Meta Ads,Mobile,Other India,47730,809,85,21,7840.63,53870.3
2026-03-31,App Install Drive,Organic,Mobile,Chennai,80501,3706,629,154,517.14,442799.79
2026-03-27,Valentine Offer,Email,Mobile,Pune,16551,891,126,44,303.24,118863.7
2026-02-24,Product Launch,Google Ads,Desktop,Delhi NCR,36857,562,84,30,7381.84,74438.13
2026-01-01,Retargeting Push,Organic,Mobile,Bengaluru,18050,534,107,27,96.68,78402.67
2026-03-03,App Install Drive,LinkedIn,Desktop,Bengaluru,13113,187,25,4,3027.88,25350.46
2026-02-26,Festival Offer,Email,Mobile,Bengaluru,25309,1623,269,99,445.59,296352.09
2026-03-18,New Year Sale,Google Ads,Desktop,Mumbai,46263,976,114,35,7432.97,103250.31
2026-03-23,App Install Drive,Meta Ads,Desktop,Bengaluru,64455,1402,166,28,10142.22,64633.17
2026-01-19,Retargeting Push,Meta Ads,Mobile,Other India,32946,834,66,20,4897.14,58147.59
2026-01-22,Product Launch,Email,Desktop,Mumbai,26837,1199,131,37,470.84,98032.8
2026-01-01,Retargeting Push,LinkedIn,Desktop,Bengaluru,8433,114,24,10,2294.12,59151.25
2026-01-22,Product Launch,Google Ads,Mobile,Delhi NCR,19792,458,61,16,3296.72,44382.18
2026-02-28,February Promo,Meta Ads,Mobile,Delhi NCR,49452,923,142,42,8962.33,114953.78
2026-01-04,February Promo,Organic,Mobile,Other India,40136,1052,130,25,246.54,69736.89
2026-01-20,Product Launch,Meta Ads,Mobile,Mumbai,84042,1772,142,19,13261.67,42183.88
2026-01-03,Festival Offer,LinkedIn,Desktop,Pune,7434,129,28,9,2445.23,47577.06
2026-02-20,New Year Sale,Meta Ads,Mobile,Bengaluru,100078,1419,138,41,11647.77,102810.6
2026-02-21,February Promo,Organic,Desktop,Chennai,53230,1109,91,8,306.83,18557.49
2026-01-03,Product Launch,Google Ads,Mobile,Delhi NCR,15711,390,57,15,2875.05,33788.96
2026-03-26,Winter Campaign,LinkedIn,Mobile,Hyderabad,14428,184,13,2,5146.02,8023.42
2026-01-17,Valentine Offer,Google Ads,Desktop,Other India,21746,465,74,12,3400.64,37904.22
2026-03-28,New Year Sale,LinkedIn,Mobile,Delhi NCR,19894,273,24,9,5768.08,36067.7
2026-01-13,Product Launch,Email,Mobile,Bengaluru,19578,810,108,42,362.15,114482.44
2026-01-13,Product Launch,Meta Ads,Desktop,Hyderabad,33147,450,34,8,7068.16,22857.77
2026-01-29,Festival Offer,Organic,Mobile,Chennai,89348,4448,557,158,703.92,506864.1
2026-01-08,App Install Drive,Meta Ads,Mobile,Mumbai,58058,1176,143,32,7959.63,83427.92
2026-01-24,Spring Sale,LinkedIn,Desktop,Bengaluru,19286,232,31,7,4361.42,34378.85
2026-01-23,Retargeting Push,LinkedIn,Mobile,Delhi NCR,13519,195,30,6,3461.06,33460.15
2026-03-24,Retargeting Push,Organic,Mobile,Delhi NCR,38553,1255,220,56,229.25,185907.68
2026-01-29,February Promo,Organic,Mobile,Chennai,76271,3162,620,210,519.13,436130.0
2026-01-10,Winter Campaign,Organic,Mobile,Delhi NCR,47789,1406,156,28,308.39,72592.34
2026-02-06,App Install Drive,Google Ads,Mobile,Chennai,23083,343,29,8,3370.99,26747.12
2026-01-21,New Year Sale,Meta Ads,Desktop,Delhi NCR,39915,656,95,26,5476.35,56746.77
2026-03-22,Winter Campaign,Google Ads,Mobile,Mumbai,53833,1810,154,37,10430.19,102115.08
2026-02-09,February Promo,Meta Ads,Mobile,Other India,26929,473,58,7,3588.33,12989.21
2026-01-09,Retargeting Push,Organic,Mobile,Bengaluru,77297,2286,372,59,467.41,174056.02
2026-02-28,Retargeting Push,LinkedIn,Mobile,Chennai,18748,272,35,14,4119.42,76795.01
2026-03-28,New Year Sale,Meta Ads,Mobile,Other India,33860,676,41,7,5062.98,18924.11
2026-01-28,Product Launch,Google Ads,Desktop,Mumbai,12218,212,39,1,2554.58,2305.99
2026-01-20,Retargeting Push,Organic,Mobile,Bengaluru,39865,1665,284,70,256.03,204139.55
2026-03-15,Valentine Offer,Organic,Mobile,Chennai,53180,2440,444,128,402.93,375089.07
2026-02-06,Valentine Offer,Email,Mobile,Pune,15941,838,141,61,306.54,180286.7
2026-03-15,Product Launch,Google Ads,Desktop,Delhi NCR,32761,601,74,27,5964.2,104987.63
2026-03-06,Brand Awareness,Email,Desktop,Delhi NCR,11525,461,53,10,198.23,16014.44
2026-01-05,Valentine Offer,Google Ads,Mobile,Hyderabad,35463,1376,158,40,6977.37,132745.62
2026-02-23,New Year Sale,Meta Ads,Mobile,Hyderabad,38125,728,61,12,5028.92,32260.35
2026-02-19,Festival Offer,Email,Desktop,Bengaluru,11392,548,155,113,228.68,526523.66
2026-01-21,Brand Awareness,Organic,Desktop,Mumbai,28210,716,84,15,254.55,35554.72
2026-02-13,New Year Sale,Email,Desktop,Hyderabad,17838,958,151,41,273.82,104377.97
2026-01-20,Brand Awareness,Email,Mobile,Chennai,11121,446,50,12,244.87,23788.0
2026-02-21,App Install Drive,Email,Mobile,Delhi NCR,13548,869,143,52,278.93,142718.39
2026-01-20,Product Launch,Google Ads,Mobile,Hyderabad,33257,811,153,25,6299.95,81457.45
2026-01-17,Spring Sale,Google Ads,Mobile,Mumbai,69032,1767,283,82,13874.11,253586.27
2026-03-03,New Year Sale,Google Ads,Desktop,Hyderabad,36518,592,91,20,6908.58,70518.96
2026-01-21,Spring Sale,Google Ads,Desktop,Bengaluru,25022,367,44,9,5292.54,21300.1
2026-01-11,Festival Offer,Google Ads,Mobile,Bengaluru,53825,1406,208,37,9736.56,107591.98
2026-03-01,Festival Offer,Meta Ads,Desktop,Delhi NCR,60329,1464,239,60,11000.93,178620.87
2026-02-16,Retargeting Push,Google Ads,Mobile,Pune,29139,996,175,50,5524.92,184169.73
2026-03-20,Festival Offer,Google Ads,Mobile,Delhi NCR,58690,1122,98,32,14094.67,111298.95
2026-01-28,Retargeting Push,LinkedIn,Mobile,Delhi NCR,17439,238,50,25,3626.25,123252.63
2026-03-06,New Year Sale,Email,Desktop,Chennai,17032,731,69,16,309.36,55832.62
2026-01-12,Valentine Offer,Google Ads,Mobile,Chennai,27149,733,62,18,4250.9,67328.63
2026-01-08,Brand Awareness,Organic,Desktop,Chennai,64386,1226,130,24,397.76,49058.56
2026-03-11,New Year Sale,Meta Ads,Mobile,Bengaluru,34669,652,72,13,5742.3,34180.42
2026-02-02,Brand Awareness,Organic,Mobile,Bengaluru,68725,1278,125,27,561.38,59469.65
2026-02-19,App Install Drive,Email,Desktop,Other India,10475,612,49,18,213.36,57192.58
2026-03-19,New Year Sale,Meta Ads,Mobile,Chennai,74122,1996,242,49,11034.19,143296.28
2026-01-30,February Promo,Meta Ads,Desktop,Delhi NCR,38388,627,70,22,4783.77,64307.18
2026-03-03,Valentine Offer,Email,Mobile,Chennai,17883,877,163,63,356.01,232835.05
2026-03-26,New Year Sale,Organic,Mobile,Delhi NCR,27327,615,73,31,172.78,86579.88
2026-02-21,Retargeting Push,Meta Ads,Mobile,Hyderabad,61336,1091,217,36,8945.72,110500.6
2026-02-28,New Year Sale,Organic,Desktop,Other India,61969,1712,217,53,507.08,164187.27
2026-02-03,Winter Campaign,Meta Ads,Mobile,Other India,22805,504,32,4,3137.74,6814.0
2026-02-21,Festival Offer,Email,Mobile,Delhi NCR,7334,355,69,21,140.78,71410.1
2026-02-11,Retargeting Push,Meta Ads,Mobile,Chennai,33878,648,103,19,4678.36,82142.86
2026-02-16,New Year Sale,Meta Ads,Desktop,Hyderabad,53112,1071,84,24,8324.36,57941.51
2026-03-28,February Promo,LinkedIn,Mobile,Bengaluru,8844,159,24,3,2087.49,14383.36
2026-03-14,Festival Offer,Email,Desktop,Delhi NCR,22766,1230,177,63,407.64,255032.35
2026-01-28,Brand Awareness,Organic,Desktop,Bengaluru,72270,1709,204,39,543.6,80600.85
2026-03-28,Retargeting Push,Email,Mobile,Delhi NCR,26726,1531,267,95,394.58,339080.05
2026-01-30,Festival Offer,Google Ads,Mobile,Chennai,39527,992,110,11,8489.92,28379.33
2026-02-26,Winter Campaign,Google Ads,Mobile,Other India,24138,436,41,8,4416.12,25380.91
2026-03-22,Spring Sale,Meta Ads,Mobile,Chennai,64160,1963,188,41,10026.56,85788.45
2026-03-10,Spring Sale,Meta Ads,Mobile,Hyderabad,47216,1099,108,13,6715.54,30118.31
2026-01-20,App Install Drive,Meta Ads,Mobile,Other India,32177,524,37,5,5614.36,16069.67
2026-01-10,App Install Drive,Meta Ads,Mobile,Chennai,38510,747,56,17,5211.52,42904.03
2026-01-22,New Year Sale,LinkedIn,Mobile,Delhi NCR,8440,136,15,7,3249.65,34420.26
2026-02-06,Festival Offer,Email,Mobile,Mumbai,30512,1467,238,57,571.85,189693.27
2026-01-15,Valentine Offer,Meta Ads,Desktop,Mumbai,27207,536,79,38,3538.84,86890.11
2026-03-04,Festival Offer,Google Ads,Mobile,Hyderabad,45922,1145,164,28,6948.94,78455.24
2026-02-09,February Promo,LinkedIn,Mobile,Other India,6916,131,15,3,1863.88,13574.98
2026-03-18,App Install Drive,Meta Ads,Desktop,Bengaluru,62693,1037,216,45,9416.83,89711.73
2026-02-14,Product Launch,Meta Ads,Desktop,Hyderabad,41434,563,64,21,5419.12,58417.05
2026-01-17,Spring Sale,Email,Mobile,Delhi NCR,16364,700,87,33,248.14,103709.55
2026-01-01,Festival Offer,LinkedIn,Mobile,Mumbai,9552,151,32,10,2304.81,48971.76
2026-01-23,February Promo,Email,Mobile,Hyderabad,9463,590,133,57,114.43,161981.89
2026-02-09,Festival Offer,Google Ads,Mobile,Bengaluru,39770,678,85,16,7289.88,40735.6
2026-03-01,Valentine Offer,Google Ads,Desktop,Bengaluru,73817,1777,199,39,14049.25,148163.35
2026-03-02,Valentine Offer,Email,Desktop,Bengaluru,15043,609,107,32,280.72,88092.43
2026-01-28,Winter Campaign,Organic,Desktop,Bengaluru,45637,1662,361,70,348.12,172671.34
2026-01-04,Festival Offer,Meta Ads,Mobile,Bengaluru,70113,1393,132,60,8192.52,167096.6
2026-02-09,New Year Sale,LinkedIn,Desktop,Bengaluru,7230,91,8,3,1621.98,13449.25
2026-01-04,Valentine Offer,Meta Ads,Mobile,Delhi NCR,43233,921,113,18,4316.72,61174.89
2026-02-18,Retargeting Push,Email,Mobile,Bengaluru,18723,1090,184,51,402.13,234163.99
2026-03-20,Festival Offer,Organic,Mobile,Bengaluru,76363,2618,434,97,703.29,286871.11
2026-03-01,February Promo,Google Ads,Mobile,Other India,34607,920,169,30,6397.53,67837.51
2026-01-21,Valentine Offer,Meta Ads,Mobile,Mumbai,28651,550,85,26,3793.52,80959.45
2026-02-16,Retargeting Push,Google Ads,Desktop,Delhi NCR,48121,1322,220,83,8139.01,259568.63
2026-03-26,Festival Offer,Organic,Mobile,Bengaluru,54926,2073,339,94,316.61,318294.44
2026-02-12,Retargeting Push,LinkedIn,Mobile,Chennai,14908,273,47,7,4150.39,33375.62
2026-02-22,Festival Offer,LinkedIn,Mobile,Chennai,17153,258,34,6,4337.53,40580.72
2026-03-29,App Install Drive,Google Ads,Mobile,Mumbai,62630,1757,250,47,8684.03,158038.7
2026-03-01,Brand Awareness,Meta Ads,Mobile,Hyderabad,20611,438,42,1,2918.61,1771.57
2026-03-16,New Year Sale,Organic,Mobile,Bengaluru,46511,1368,203,51,289.72,185013.45
2026-02-10,App Install Drive,LinkedIn,Desktop,Other India,11689,160,29,7,2609.64,31097.72
2026-01-22,Winter Campaign,LinkedIn,Mobile,Mumbai,13698,167,26,1,3258.3,3819.42
2026-02-26,New Year Sale,Organic,Mobile,Delhi NCR,42526,1508,436,175,267.35,417364.96
2026-02-08,Spring Sale,Email,Mobile,Bengaluru,21254,1130,242,67,344.1,239895.27
2026-01-08,Spring Sale,Email,Desktop,Hyderabad,14455,775,167,48,262.81,134677.79
2026-01-05,February Promo,Google Ads,Mobile,Mumbai,42001,973,85,20,8446.75,63770.94
2026-01-15,Festival Offer,Email,Mobile,Hyderabad,6264,218,36,16,105.59,57484.85
2026-03-03,February Promo,Organic,Mobile,Other India,35140,1290,119,21,246.13,60937.27
2026-01-01,Product Launch,LinkedIn,Desktop,Pune,15971,173,19,3,3908.14,15554.72
2026-03-20,Brand Awareness,Organic,Mobile,Other India,15573,419,36,1,143.74,1876.25
2026-03-11,New Year Sale,Meta Ads,Mobile,Bengaluru,33006,774,49,7,4257.02,15340.85
2026-02-14,February Promo,LinkedIn,Desktop,Delhi NCR,12416,76,6,3,3768.25,12528.01
2026-03-03,Retargeting Push,Google Ads,Mobile,Pune,23378,547,75,16,4562.4,58726.1
2026-01-21,Spring Sale,Organic,Desktop,Chennai,56498,1543,207,49,341.63,165909.85
2026-01-18,Retargeting Push,Google Ads,Desktop,Mumbai,19483,453,76,20,4474.25,64469.44
2026-02-25,Product Launch,Meta Ads,Mobile,Pune,18167,377,33,4,2912.13,11864.93
2026-03-05,Spring Sale,Email,Mobile,Bengaluru,19148,1316,358,91,312.99,341229.32
2026-01-15,Retargeting Push,Organic,Mobile,Hyderabad,51354,2520,453,158,336.67,477129.97
2026-02-28,Product Launch,Google Ads,Mobile,Chennai,17994,411,44,13,3332.14,28438.87
2026-03-18,Festival Offer,Organic,Mobile,Delhi NCR,19962,658,128,31,100.88,93367.2
2026-02-17,Brand Awareness,Organic,Mobile,Other India,16070,336,27,6,132.07,9884.78
2026-03-31,Brand Awareness,Meta Ads,Mobile,Bengaluru,70653,855,58,9,11101.17,18953.65
2026-01-19,New Year Sale,Meta Ads,Desktop,Other India,42312,825,67,14,6170.71,31584.18
2026-02-13,App Install Drive,Meta Ads,Mobile,Mumbai,34655,807,73,21,4653.85,51598.21
2026-03-07,Festival Offer,Meta Ads,Desktop,Chennai,114022,2374,224,55,12928.4,123910.56
2026-02-13,Brand Awareness,Organic,Mobile,Chennai,23519,581,51,26,182.07,49949.44
2026-01-23,App Install Drive,Google Ads,Mobile,Hyderabad,35021,791,123,24,7139.56,56585.96
2026-01-12,New Year Sale,Google Ads,Mobile,Bengaluru,41975,1214,140,40,6304.54,111255.07
2026-03-18,New Year Sale,Meta Ads,Desktop,Other India,20229,391,23,3,2926.01,6818.73
2026-02-09,Festival Offer,Organic,Desktop,Mumbai,67666,1700,187,42,461.19,125195.66
2026-01-16,Product Launch,Email,Desktop,Delhi NCR,36078,1556,313,107,554.11,344466.55
2026-01-26,Spring Sale,LinkedIn,Desktop,Hyderabad,26625,280,49,10,6710.73,59208.29
2026-01-27,Winter Campaign,Organic,Mobile,Delhi NCR,36862,1206,215,43,262.75,107208.29
2026-01-15,New Year Sale,Google Ads,Mobile,Bengaluru,20099,567,39,6,3265.44,15576.02
2026-03-30,New Year Sale,Google Ads,Desktop,Bengaluru,25629,684,80,15,4700.37,43936.57
2026-02-17,February Promo,Meta Ads,Desktop,Mumbai,84768,1226,134,31,12554.68,67615.97
2026-02-23,Retargeting Push,Google Ads,Mobile,Bengaluru,33818,866,174,41,6069.28,122658.08
2026-03-28,February Promo,Google Ads,Desktop,Hyderabad,40147,712,75,20,7181.39,54326.56
2026-02-23,Valentine Offer,Google Ads,Mobile,Mumbai,36661,940,125,27,7430.66,79681.39
2026-02-28,February Promo,LinkedIn,Mobile,Bengaluru,17590,240,33,13,4231.39,60260.03
2026-01-18,Product Launch,Meta Ads,Mobile,Delhi NCR,67543,1673,144,31,10034.34,69511.02
2026-03-11,Retargeting Push,Google Ads,Desktop,Delhi NCR,39664,997,119,30,6167.43,89387.19
2026-02-19,Brand Awareness,LinkedIn,Mobile,Bengaluru,22000,216,21,4,6642.7,11994.04
2026-02-03,Retargeting Push,Organic,Desktop,Bengaluru,69934,2133,359,48,376.36,156350.3
2026-03-17,App Install Drive,Meta Ads,Mobile,Hyderabad,37657,831,79,26,5639.6,73837.32
2026-03-19,Spring Sale,Google Ads,Desktop,Delhi NCR,45335,986,100,24,7069.78,68012.66
2026-03-27,App Install Drive,Meta Ads,Mobile,Hyderabad,26036,558,47,6,3736.31,16326.65
2026-02-21,Winter Campaign,Google Ads,Desktop,Delhi NCR,20903,523,35,10,3673.73,26463.83
2026-03-31,App Install Drive,Email,Desktop,Mumbai,11481,439,100,23,220.89,83927.03
2026-01-09,Spring Sale,LinkedIn,Mobile,Mumbai,17648,309,42,6,5312.28,29556.53
2026-01-11,App Install Drive,Email,Mobile,Hyderabad,5349,313,56,18,110.15,54653.89
2026-03-31,Valentine Offer,Meta Ads,Mobile,Mumbai,31272,791,174,92,4187.78,189681.91
2026-02-27,Winter Campaign,Google Ads,Mobile,Other India,23592,492,38,14,3997.96,34014.73
2026-03-28,Spring Sale,LinkedIn,Mobile,Pune,10441,114,17,6,3473.71,27938.23
2026-01-29,Winter Campaign,Organic,Desktop,Other India,21900,573,54,8,158.81,15464.68
2026-03-19,Product Launch,Organic,Mobile,Bengaluru,48183,1581,244,26,315.94,68513.5
2026-03-15,February Promo,Google Ads,Mobile,Mumbai,63394,1899,208,51,10179.66,106152.0
2026-02-12,Valentine Offer,Email,Mobile,Delhi NCR,11922,363,63,13,216.16,46084.35
2026-03-28,New Year Sale,Google Ads,Mobile,Chennai,29871,799,68,16,4916.56,42757.16
2026-02-15,New Year Sale,Google Ads,Mobile,Pune,79531,1826,206,52,15317.04,170512.7
2026-03-27,Valentine Offer,Google Ads,Desktop,Mumbai,36856,624,82,23,7543.65,63637.32
2026-03-10,Retargeting Push,Email,Mobile,Delhi NCR,14754,872,153,60,255.21,180935.65
2026-01-27,Spring Sale,LinkedIn,Mobile,Pune,11080,135,9,3,3050.61,14112.27
2026-02-03,Winter Campaign,Organic,Mobile,Bengaluru,32048,738,110,25,202.42,44835.68
2026-03-08,Spring Sale,Email,Mobile,Pune,8831,437,52,10,169.83,31204.49
2026-02-28,February Promo,LinkedIn,Mobile,Other India,12608,125,24,7,3549.94,29168.2
2026-02-19,App Install Drive,Meta Ads,Mobile,Bengaluru,35194,566,57,10,4460.41,32557.47
2026-03-12,Brand Awareness,Organic,Mobile,Hyderabad,23005,685,69,17,134.17,30803.68
2026-02-18,Festival Offer,Meta Ads,Desktop,Hyderabad,51458,816,81,25,7492.75,58359.39
2026-01-06,Brand Awareness,LinkedIn,Mobile,Mumbai,4792,57,12,2,1567.3,7009.56
2026-03-13,New Year Sale,LinkedIn,Mobile,Chennai,14167,201,29,4,3931.83,19366.54
2026-02-14,Product Launch,Meta Ads,Desktop,Hyderabad,34186,580,53,10,4017.44,25333.25
2026-01-05,Retargeting Push,Google Ads,Mobile,Chennai,20093,608,63,15,3590.44,56100.39
2026-03-24,New Year Sale,Google Ads,Desktop,Hyderabad,27721,646,79,17,5347.62,63916.78
2026-03-29,New Year Sale,Google Ads,Mobile,Pune,32560,841,99,33,6646.78,125373.44
2026-03-29,Festival Offer,Organic,Desktop,Chennai,25593,865,198,64,148.23,145897.22
2026-03-26,Retargeting Push,Email,Desktop,Bengaluru,14317,728,122,49,214.86,168851.55
2026-02-16,February Promo,Google Ads,Mobile,Other India,25929,496,47,12,5063.86,39971.55
2026-03-15,Winter Campaign,Email,Mobile,Other India,6703,369,27,8,111.79,21107.92
2026-02-21,Product Launch,Google Ads,Desktop,Delhi NCR,34954,706,69,18,6059.6,44232.96
2026-02-21,Product Launch,Email,Desktop,Delhi NCR,19190,811,184,41,336.98,124422.19
2026-03-18,Product Launch,LinkedIn,Mobile,Mumbai,18529,225,25,2,5794.68,9552.88
2026-02-15,App Install Drive,Meta Ads,Mobile,Chennai,23618,628,48,8,3497.51,16691.01
2026-01-10,App Install Drive,Google Ads,Desktop,Delhi NCR,65890,1358,99,21,12597.17,68467.12
2026-02-01,Spring Sale,Meta Ads,Desktop,Bengaluru,30183,573,59,15,4970.75,35870.03
2026-01-19,New Year Sale,Google Ads,Mobile,Chennai,38968,1150,125,26,6416.41,109553.64
2026-01-01,Valentine Offer,Meta Ads,Mobile,Mumbai,35628,1093,88,14,5510.24,36386.31
2026-03-31,Brand Awareness,LinkedIn,Desktop,Mumbai,10425,110,17,2,3309.83,7839.71
2026-02-20,Festival Offer,Meta Ads,Mobile,Delhi NCR,54674,1000,131,54,7343.32,149697.2
2026-01-02,App Install Drive,Email,Mobile,Mumbai,17695,1148,193,50,309.2,125323.92
2026-02-23,Festival Offer,LinkedIn,Mobile,Pune,12822,204,28,13,3515.32,64013.16
2026-03-03,New Year Sale,Google Ads,Mobile,Bengaluru,30106,715,117,31,5948.62,78498.27
2026-03-18,Valentine Offer,Email,Mobile,Hyderabad,16583,1036,170,37,364.03,109996.86
2026-01-06,Spring Sale,Email,Mobile,Other India,27202,1898,255,57,370.06,139364.84
2026-03-10,App Install Drive,Meta Ads,Desktop,Other India,23011,490,47,9,3642.62,17556.58
2026-01-29,New Year Sale,Organic,Desktop,Delhi NCR,80171,3081,355,75,634.4,231800.35
2026-02-07,App Install Drive,Email,Mobile,Hyderabad,5747,246,27,11,86.03,37546.09
2026-02-21,February Promo,Google Ads,Mobile,Pune,71435,1394,146,39,16244.9,144367.97
2026-01-07,New Year Sale,Meta Ads,Mobile,Delhi NCR,37685,814,101,25,5496.31,62807.93
2026-02-22,Spring Sale,LinkedIn,Mobile,Chennai,11282,136,22,6,3225.36,20742.66
2026-01-05,Retargeting Push,Meta Ads,Desktop,Mumbai,22743,430,64,13,2473.99,36137.43
2026-01-09,App Install Drive,Google Ads,Desktop,Bengaluru,25346,877,111,19,5467.89,61012.66
2026-01-26,Spring Sale,Google Ads,Mobile,Hyderabad,63605,1878,266,35,13634.94,91990.8
2026-02-08,App Install Drive,Organic,Mobile,Chennai,31728,1128,100,36,191.43,69496.42
2026-01-14,Retargeting Push,LinkedIn,Mobile,Delhi NCR,11124,181,32,6,3306.67,31590.29
2026-02-10,App Install Drive,Organic,Mobile,Delhi NCR,39529,1317,216,66,231.25,124243.43
2026-03-25,Retargeting Push,LinkedIn,Mobile,Mumbai,18485,333,44,11,3465.82,51352.37
2026-01-22,Valentine Offer,Organic,Mobile,Pune,51624,2315,317,76,329.85,234769.92
2026-03-23,New Year Sale,Email,Mobile,Hyderabad,13248,646,132,47,207.25,118898.46
2026-03-19,Retargeting Push,Organic,Desktop,Delhi NCR,70927,4355,772,179,420.97,419392.87
2026-01-30,Winter Campaign,Organic,Mobile,Other India,26759,984,98,23,191.24,56785.58
2026-03-02,Retargeting Push,Email,Mobile,Bengaluru,27506,1483,458,102,424.17,355182.06
2026-03-26,Festival Offer,LinkedIn,Desktop,Hyderabad,31256,507,68,22,8601.86,107340.56
2026-02-22,Product Launch,Email,Desktop,Mumbai,12564,732,71,12,235.86,31492.28
2026-02-27,New Year Sale,Google Ads,Desktop,Bengaluru,31041,712,89,26,6267.9,75270.53
2026-01-11,Spring Sale,Google Ads,Mobile,Bengaluru,24459,717,103,31,5014.09,90871.67
2026-03-31,February Promo,Google Ads,Mobile,Chennai,21734,392,41,7,3289.59,16946.36
2026-03-23,New Year Sale,Organic,Mobile,Mumbai,83527,3419,579,144,664.9,363182.94
2026-03-28,Product Launch,Google Ads,Mobile,Other India,9510,278,21,8,1940.62,22637.28
2026-01-04,Festival Offer,Meta Ads,Desktop,Mumbai,66418,1233,219,61,10002.88,180286.42
2026-03-12,Product Launch,Meta Ads,Desktop,Other India,22501,322,16,5,3251.25,13504.13
2026-02-13,Valentine Offer,Organic,Mobile,Hyderabad,26537,1330,137,39,244.78,136323.27
2026-02-07,February Promo,Meta Ads,Mobile,Mumbai,51003,924,110,17,7081.64,40538.18
2026-02-23,Brand Awareness,Email,Desktop,Hyderabad,25633,748,70,7,477.04,13645.18
2026-02-04,Spring Sale,Google Ads,Desktop,Pune,23774,548,70,25,4895.92,64394.5
2026-03-19,Retargeting Push,Meta Ads,Mobile,Bengaluru,29163,669,68,11,3345.44,29829.48
2026-01-27,Spring Sale,Google Ads,Desktop,Mumbai,39124,857,69,15,8018.3,46477.85
2026-02-10,Retargeting Push,Google Ads,Mobile,Pune,29725,907,125,38,5612.52,81939.01
2026-02-08,Retargeting Push,Meta Ads,Mobile,Bengaluru,105113,3112,454,53,14736.27,183087.36
2026-03-29,Spring Sale,LinkedIn,Mobile,Other India,13078,196,22,5,4687.71,22326.35
2026-03-10,New Year Sale,Google Ads,Desktop,Pune,13827,452,57,20,2388.97,53674.21
2026-03-26,Festival Offer,Google Ads,Desktop,Chennai,55799,1386,152,42,12062.87,120273.86
2026-02-11,Spring Sale,Email,Mobile,Pune,14216,1288,262,73,277.75,203675.93
2026-02-23,Product Launch,Google Ads,Mobile,Other India,21991,531,73,13,3790.15,30724.62
2026-02-13,Valentine Offer,LinkedIn,Desktop,Hyderabad,8990,112,17,10,2405.35,64700.05
2026-03-21,App Install Drive,Meta Ads,Desktop,Delhi NCR,83844,1318,166,29,13353.92,81779.68
2026-01-25,New Year Sale,Meta Ads,Mobile,Mumbai,54350,1249,180,44,7148.71,147712.58
2026-01-08,App Install Drive,Meta Ads,Mobile,Other India,52816,1463,107,12,9389.9,31308.95
2026-02-27,Valentine Offer,Google Ads,Mobile,Other India,32857,805,64,9,4416.03,24615.03
2026-03-10,Retargeting Push,Meta Ads,Mobile,Chennai,23840,686,69,20,3489.34,51687.1
2026-03-25,Festival Offer,Google Ads,Desktop,Bengaluru,30358,854,122,36,5338.45,112224.12
2026-01-04,Festival Offer,Email,Mobile,Bengaluru,12342,1023,160,70,196.17,246639.46
2026-03-15,Festival Offer,Email,Mobile,Bengaluru,17885,1014,211,52,276.26,139512.12
2026-01-08,Retargeting Push,Email,Mobile,Bengaluru,21060,2006,435,125,326.73,397782.47
2026-01-12,Spring Sale,Meta Ads,Desktop,Pune,65032,1343,159,39,10544.86,84571.31
2026-01-12,App Install Drive,Google Ads,Desktop,Mumbai,38255,746,63,2,6840.28,4998.63
2026-01-23,Product Launch,Meta Ads,Mobile,Delhi NCR,14999,341,40,11,1875.16,28460.28
2026-02-27,Product Launch,Email,Mobile,Mumbai,26201,1467,219,46,432.8,146205.52
2026-03-03,New Year Sale,Organic,Mobile,Bengaluru,20345,722,108,27,157.05,67516.47
2026-03-03,Retargeting Push,Organic,Mobile,Bengaluru,81577,4422,910,257,499.9,590520.54
2026-02-21,Spring Sale,Google Ads,Mobile,Mumbai,26091,850,96,23,4052.74,55344.14
2026-02-20,Retargeting Push,Organic,Mobile,Hyderabad,10356,357,71,15,70.15,33801.44
2026-02-26,New Year Sale,Organic,Desktop,Hyderabad,67869,3172,362,86,486.01,239088.75
2026-01-29,Retargeting Push,Meta Ads,Mobile,Delhi NCR,38428,1005,131,34,4703.15,87754.38
2026-01-25,Winter Campaign,Google Ads,Mobile,Pune,30018,666,57,13,5406.95,28572.71
2026-02-08,Brand Awareness,Google Ads,Mobile,Mumbai,44537,1192,88,11,9839.48,18100.76
2026-01-25,Retargeting Push,Organic,Mobile,Bengaluru,40320,2274,374,56,272.91,142316.22
2026-02-15,App Install Drive,Meta Ads,Mobile,Bengaluru,17552,444,52,13,2640.74,26201.17
2026-01-25,February Promo,Meta Ads,Mobile,Chennai,39420,985,119,19,6017.55,41505.2
2026-02-06,February Promo,Organic,Mobile,Mumbai,26619,885,122,22,228.07,53173.91
2026-03-31,February Promo,Meta Ads,Mobile,Pune,61285,1551,114,34,8991.6,86238.8
2026-01-08,New Year Sale,Organic,Mobile,Delhi NCR,55758,1527,205,72,404.19,192290.08
2026-03-18,Festival Offer,LinkedIn,Mobile,Bengaluru,14550,252,37,10,3593.48,47814.09
2026-03-25,New Year Sale,Google Ads,Mobile,Mumbai,40390,1597,232,41,9403.02,110484.02
2026-01-20,App Install Drive,Organic,Mobile,Other India,69002,2157,239,52,451.76,111797.11
2026-01-13,App Install Drive,Meta Ads,Mobile,Bengaluru,28471,692,84,23,3851.46,71441.73
2026-02-26,Valentine Offer,Google Ads,Mobile,Delhi NCR,45040,1058,144,42,7288.96,117313.47
2026-02-15,App Install Drive,Meta Ads,Mobile,Mumbai,50427,757,92,19,8352.54,52586.04
2026-03-18,Product Launch,Google Ads,Mobile,Delhi NCR,19665,589,75,8,4242.95,21326.25
2026-03-09,New Year Sale,Google Ads,Mobile,Other India,15389,391,34,3,2540.73,8928.41
2026-01-29,Valentine Offer,LinkedIn,Mobile,Hyderabad,7994,99,11,1,1953.17,6031.49
2026-03-30,Brand Awareness,LinkedIn,Mobile,Delhi NCR,13849,132,13,3,4446.88,7722.54
2026-03-13,February Promo,Organic,Mobile,Bengaluru,27309,1118,126,32,171.56,86886.79
2026-02-27,Winter Campaign,Meta Ads,Desktop,Chennai,44040,595,40,9,5270.45,19315.36
2026-01-05,Retargeting Push,Meta Ads,Mobile,Pune,32348,737,110,17,3169.39,42887.15
2026-01-31,February Promo,Meta Ads,Mobile,Mumbai,18237,371,62,11,2556.11,28890.29
2026-01-29,Winter Campaign,Google Ads,Mobile,Mumbai,14604,324,22,5,2733.11,11922.99
2026-01-18,Spring Sale,Organic,Mobile,Mumbai,43518,1503,214,54,360.45,204133.28
2026-02-05,Retargeting Push,Meta Ads,Mobile,Hyderabad,32684,820,111,25,3800.49,90515.13
2026-02-19,Winter Campaign,Organic,Mobile,Chennai,48078,1780,266,53,412.56,95456.85
2026-03-05,February Promo,Email,Mobile,Mumbai,18267,1076,154,40,328.33,89276.77
2026-02-07,Valentine Offer,Meta Ads,Desktop,Bengaluru,27830,499,65,16,2720.39,45785.51
2026-03-12,Product Launch,Google Ads,Mobile,Chennai,19323,452,32,6,3210.85,18362.95
2026-03-06,App Install Drive,Organic,Desktop,Chennai,28705,619,87,22,206.89,61227.39
2026-01-13,Valentine Offer,Meta Ads,Desktop,Delhi NCR,25756,434,58,12,3690.25,35591.47
2026-03-17,Brand Awareness,Organic,Desktop,Delhi NCR,32516,997,80,9,277.07,19117.76
2026-03-30,February Promo,Google Ads,Desktop,Mumbai,48882,1146,121,26,9035.91,59641.97
2026-02-24,Product Launch,Meta Ads,Mobile,Mumbai,31916,846,81,29,5172.09,75134.04
2026-03-15,App Install Drive,LinkedIn,Desktop,Other India,9786,73,3,0,2554.13,0.0
2026-03-14,Valentine Offer,Meta Ads,Desktop,Delhi NCR,53432,921,107,32,8153.38,79869.49
2026-01-13,Winter Campaign,Meta Ads,Mobile,Chennai,20555,425,58,19,3356.89,41150.34
2026-01-19,Retargeting Push,Organic,Mobile,Bengaluru,47193,1365,213,66,393.29,210663.24
2026-01-27,February Promo,Email,Mobile,Mumbai,13312,485,108,44,285.89,146384.6
2026-02-21,App Install Drive,Meta Ads,Desktop,Mumbai,43093,576,49,2,6150.85,4425.13
2026-01-27,Spring Sale,Google Ads,Desktop,Chennai,35769,740,58,10,5531.63,23873.72
2026-03-10,Festival Offer,Google Ads,Mobile,Other India,80393,2073,247,59,15593.91,188201.97
2026-03-25,Valentine Offer,Google Ads,Mobile,Mumbai,19328,724,105,17,3021.51,49860.11
2026-03-05,New Year Sale,Organic,Mobile,Mumbai,25837,975,179,26,155.73,106422.6
2026-01-13,App Install Drive,LinkedIn,Desktop,Other India,5117,71,1,0,1621.65,0.0
2026-03-24,App Install Drive,Email,Desktop,Pune,22033,1475,247,59,333.63,174092.46
2026-03-25,New Year Sale,Google Ads,Mobile,Chennai,27234,864,123,22,5409.61,59053.94
2026-03-12,Product Launch,Google Ads,Desktop,Chennai,23739,519,54,12,4275.85,29108.54
2026-03-18,Spring Sale,Organic,Desktop,Hyderabad,24179,632,87,34,151.1,96123.39
2026-02-07,Retargeting Push,Google Ads,Mobile,Bengaluru,45125,1757,363,90,8440.17,209828.31
2026-01-16,Brand Awareness,Google Ads,Mobile,Delhi NCR,42819,698,58,17,9215.86,38013.47
2026-01-16,Retargeting Push,Google Ads,Desktop,Delhi NCR,51283,1087,190,43,8844.91,130017.16
2026-01-21,New Year Sale,Google Ads,Mobile,Chennai,10306,458,51,8,1403.26,23031.4
2026-01-14,Spring Sale,Google Ads,Mobile,Mumbai,37450,821,140,35,8111.97,93846.97
2026-03-31,App Install Drive,Organic,Mobile,Bengaluru,95723,3553,401,104,783.54,236708.22
2026-01-07,Spring Sale,Email,Mobile,Mumbai,7204,452,129,33,130.09,119930.53
2026-03-04,Winter Campaign,Organic,Desktop,Other India,65249,1451,162,52,487.92,122222.1
2026-03-31,Festival Offer,LinkedIn,Mobile,Pune,16842,405,35,8,4016.79,46748.11
2026-02-11,February Promo,Google Ads,Mobile,Mumbai,31527,624,101,27,6802.11,82000.8
2026-02-08,Valentine Offer,Google Ads,Mobile,Bengaluru,33255,869,103,22,6682.1,71076.19
2026-01-13,App Install Drive,Meta Ads,Desktop,Hyderabad,35988,796,67,9,5043.06,21788.09
2026-02-10,Valentine Offer,Meta Ads,Mobile,Bengaluru,29832,466,63,18,4665.04,45281.93
2026-01-30,Brand Awareness,LinkedIn,Desktop,Hyderabad,8784,73,11,2,2605.46,4547.32
2026-03-01,Winter Campaign,Google Ads,Desktop,Bengaluru,28363,783,68,8,4303.61,17315.81
2026-02-26,Brand Awareness,Meta Ads,Mobile,Mumbai,64429,996,65,10,9438.1,18596.97
2026-01-01,App Install Drive,Meta Ads,Mobile,Bengaluru,46668,897,102,22,6494.19,55690.79
2026-01-30,Retargeting Push,Organic,Desktop,Bengaluru,46464,2489,497,136,281.94,381235.52
2026-02-13,Product Launch,LinkedIn,Mobile,Chennai,12122,174,28,6,3362.84,22356.4
2026-03-31,Retargeting Push,LinkedIn,Mobile,Bengaluru,8211,131,36,8,1845.86,36455.91
2026-01-03,Brand Awareness,Organic,Mobile,Chennai,17711,752,66,18,117.55,33529.68
2026-01-21,February Promo,LinkedIn,Mobile,Mumbai,15999,181,26,9,4028.43,43373.3
2026-02-24,Valentine Offer,Google Ads,Mobile,Delhi NCR,26929,767,149,38,4115.08,86130.13
2026-01-08,Product Launch,LinkedIn,Desktop,Mumbai,9594,102,16,3,2217.49,15464.82
2026-01-13,New Year Sale,Organic,Mobile,Mumbai,100120,4586,782,134,651.44,382179.37
2026-02-07,Winter Campaign,Organic,Mobile,Other India,25218,716,56,17,169.03,31461.27
2026-03-31,Brand Awareness,Organic,Desktop,Other India,44825,637,51,9,300.01,12689.16
2026-02-09,February Promo,Email,Desktop,Delhi NCR,14496,575,80,17,326.47,52290.51
2026-01-13,Brand Awareness,Organic,Mobile,Chennai,35262,758,107,22,306.53,34973.32
2026-02-21,Festival Offer,Email,Mobile,Other India,10322,758,129,29,207.98,95952.78
2026-02-15,Brand Awareness,Meta Ads,Mobile,Delhi NCR,49033,674,51,6,6073.58,11964.98
2026-01-08,App Install Drive,Organic,Mobile,Chennai,23040,840,99,29,172.6,65870.68
2026-02-13,Brand Awareness,Email,Mobile,Mumbai,18783,1038,197,49,407.03,124542.36
2026-03-30,New Year Sale,Google Ads,Mobile,Pune,61397,1440,142,40,10689.2,97378.52
2026-03-02,Brand Awareness,Organic,Mobile,Mumbai,30498,698,93,20,298.11,42004.73
2026-03-04,Product Launch,Meta Ads,Mobile,Chennai,28160,489,58,7,3181.87,21106.26
2026-01-14,Spring Sale,Meta Ads,Mobile,Delhi NCR,47849,1308,130,25,7791.15,80816.32
2026-01-06,February Promo,Google Ads,Mobile,Other India,15107,458,48,5,2564.16,15342.32
2026-01-08,Winter Campaign,Meta Ads,Mobile,Bengaluru,62838,1169,110,17,9414.18,27798.72
2026-01-11,February Promo,Organic,Mobile,Chennai,32965,994,143,29,224.21,68676.74
2026-03-25,Festival Offer,Organic,Mobile,Delhi NCR,50992,2227,306,67,347.76,167004.9
2026-01-29,Retargeting Push,Meta Ads,Desktop,Pune,56480,1057,118,20,7177.22,51177.38
2026-01-13,New Year Sale,Meta Ads,Mobile,Mumbai,42735,1137,136,30,6806.21,87832.45
2026-01-10,Brand Awareness,Meta Ads,Mobile,Bengaluru,26803,405,19,3,4680.42,5397.35
2026-02-18,Winter Campaign,Email,Mobile,Hyderabad,14299,924,225,51,281.23,119451.51
2026-01-19,New Year Sale,Organic,Mobile,Bengaluru,28664,1069,143,37,206.65,102393.81
2026-01-30,App Install Drive,Meta Ads,Mobile,Hyderabad,51426,935,130,33,6751.99,65584.84
2026-03-16,Winter Campaign,LinkedIn,Mobile,Other India,5032,46,1,0,1271.34,0.0
2026-01-31,Spring Sale,LinkedIn,Mobile,Hyderabad,17357,161,40,7,4563.1,28938.89
2026-03-09,Spring Sale,Organic,Mobile,Delhi NCR,50018,1604,293,66,451.99,169061.51
2026-02-23,Product Launch,Organic,Desktop,Mumbai,57523,1799,220,87,367.84,204549.47
2026-01-15,App Install Drive,Meta Ads,Mobile,Hyderabad,52184,1086,98,18,7245.18,42473.72
2026-01-07,Retargeting Push,Meta Ads,Mobile,Chennai,41150,916,134,14,4726.15,46933.95
2026-01-12,Product Launch,Meta Ads,Desktop,Delhi NCR,76470,1138,154,26,9893.25,67629.12
2026-03-30,Festival Offer,Organic,Mobile,Delhi NCR,68629,1955,327,73,564.62,203965.64
2026-03-14,Product Launch,Google Ads,Mobile,Delhi NCR,47111,875,96,19,8694.07,53960.36
2026-02-12,Product Launch,Meta Ads,Mobile,Delhi NCR,31066,998,71,16,4634.46,41617.53
2026-01-10,App Install Drive,Google Ads,Mobile,Chennai,20931,457,52,12,3286.23,38059.81
2026-02-10,Brand Awareness,Meta Ads,Mobile,Bengaluru,53486,662,66,9,8430.26,16305.11
2026-02-16,Product Launch,Email,Mobile,Bengaluru,5436,333,84,24,88.6,75861.73
2026-03-15,App Install Drive,LinkedIn,Mobile,Chennai,17100,291,28,10,4254.21,48129.6
2026-03-26,Winter Campaign,Organic,Desktop,Hyderabad,48872,1628,178,40,369.65,88814.95
2026-02-25,Festival Offer,Meta Ads,Desktop,Hyderabad,20358,496,57,14,2605.61,41100.06
2026-03-18,Brand Awareness,Google Ads,Mobile,Mumbai,26905,668,76,19,5906.07,38887.42
2026-03-17,Spring Sale,Organic,Desktop,Bengaluru,117242,3173,449,122,714.74,361780.23
2026-01-10,New Year Sale,Google Ads,Desktop,Mumbai,113095,2859,410,69,22796.21,270508.32
2026-02-17,Spring Sale,Organic,Mobile,Other India,60948,3407,450,142,420.09,387002.72
2026-03-19,Retargeting Push,Google Ads,Mobile,Bengaluru,28396,767,110,39,5501.96,127532.81
2026-03-07,Winter Campaign,Meta Ads,Desktop,Mumbai,63962,1019,120,12,9635.25,26590.96
2026-03-03,Valentine Offer,Email,Desktop,Pune,14870,879,166,36,301.86,121999.85
2026-02-24,Product Launch,Meta Ads,Desktop,Hyderabad,76025,1199,91,30,9034.66,75210.66
2026-03-13,App Install Drive,Email,Mobile,Pune,16264,978,143,30,237.79,68415.84
2026-01-17,Winter Campaign,Organic,Mobile,Mumbai,42634,984,106,25,358.44,48004.84
2026-01-01,App Install Drive,Meta Ads,Desktop,Other India,53344,942,125,22,8520.32,47522.32
2026-01-31,Product Launch,Meta Ads,Mobile,Delhi NCR,40721,1088,136,26,7259.99,72915.99
2026-03-23,New Year Sale,Google Ads,Desktop,Chennai,103941,3110,255,67,19107.44,224024.5
2026-02-24,Retargeting Push,Google Ads,Mobile,Chennai,43557,1093,141,39,7314.92,147490.55
2026-01-29,Product Launch,LinkedIn,Mobile,Bengaluru,10167,129,24,4,3085.01,18504.53
2026-03-22,Brand Awareness,Google Ads,Desktop,Pune,29159,494,27,4,4741.35,11043.12
2026-03-28,Product Launch,Google Ads,Mobile,Other India,12968,365,22,5,2514.27,11834.81
2026-03-23,App Install Drive,Organic,Mobile,Pune,27427,1139,121,49,173.91,174909.47
2026-03-11,Brand Awareness,Organic,Mobile,Bengaluru,42705,1436,149,24,327.04,48503.69
2026-03-30,Spring Sale,Email,Mobile,Other India,9691,862,102,37,160.09,102926.05
2026-03-15,New Year Sale,Google Ads,Desktop,Bengaluru,38633,825,94,23,7318.31,75945.05
2026-02-02,Product Launch,Meta Ads,Desktop,Pune,26894,459,48,12,3126.51,32024.6
2026-01-26,Brand Awareness,Google Ads,Mobile,Chennai,19186,510,37,3,3181.88,8769.23
2026-03-15,February Promo,Email,Mobile,Bengaluru,12871,745,138,29,227.0,104910.29
2026-01-30,Festival Offer,Email,Mobile,Pune,22401,1549,236,108,427.42,382092.84
2026-02-23,February Promo,Meta Ads,Mobile,Mumbai,51982,1154,156,30,7912.74,56557.37
2026-03-26,Winter Campaign,Email,Desktop,Mumbai,18795,930,180,70,300.35,185152.77
2026-03-31,February Promo,LinkedIn,Mobile,Delhi NCR,5745,71,8,1,1383.37,4582.19
2026-02-07,Spring Sale,Google Ads,Mobile,Bengaluru,29882,915,116,30,5881.86,53002.01
2026-01-05,Product Launch,Google Ads,Mobile,Hyderabad,14256,306,35,12,3020.0,36916.38
2026-01-21,Retargeting Push,LinkedIn,Mobile,Mumbai,27722,635,75,18,6326.64,105330.45
2026-03-15,Valentine Offer,LinkedIn,Desktop,Bengaluru,8101,110,23,4,2039.26,17175.84
2026-03-29,Valentine Offer,LinkedIn,Mobile,Chennai,17769,251,54,13,4539.61,71428.89
2026-01-31,Retargeting Push,Meta Ads,Desktop,Other India,21315,555,42,15,2356.39,33545.75
2026-01-11,Retargeting Push,Google Ads,Desktop,Chennai,35959,1028,187,63,6692.94,189683.96
2026-03-17,New Year Sale,Email,Mobile,Pune,14155,872,144,35,231.43,96713.65
2026-03-27,App Install Drive,Meta Ads,Desktop,Pune,24513,427,23,2,3032.69,5741.59
2026-01-25,Brand Awareness,Email,Mobile,Bengaluru,22690,702,87,18,391.02,46682.66
2026-03-02,February Promo,Organic,Mobile,Pune,72889,2604,301,73,518.53,137907.44
2026-01-11,Winter Campaign,Meta Ads,Desktop,Mumbai,72128,1072,77,17,12748.76,42045.1
2026-02-18,Product Launch,Meta Ads,Desktop,Bengaluru,31422,539,65,15,5074.61,42343.48
2026-03-06,Festival Offer,Organic,Desktop,Bengaluru,57727,2313,484,183,440.12,591011.51
2026-03-05,Spring Sale,Google Ads,Desktop,Chennai,53558,1298,181,38,10077.84,105579.89
2026-03-15,Spring Sale,Meta Ads,Desktop,Bengaluru,45722,1039,129,23,6176.47,49199.12
2026-03-03,February Promo,Google Ads,Mobile,Chennai,39829,900,96,27,7822.29,75308.7
2026-03-22,Festival Offer,Email,Desktop,Mumbai,18794,1063,194,93,284.39,244868.65
2026-01-27,Brand Awareness,Meta Ads,Desktop,Mumbai,45660,466,59,12,6662.48,18020.19
2026-01-06,Product Launch,Meta Ads,Desktop,Mumbai,88626,1800,222,37,14516.29,89956.03
2026-01-16,Brand Awareness,Google Ads,Mobile,Delhi NCR,44085,1085,78,12,11555.24,24493.35
2026-02-01,Spring Sale,Google Ads,Mobile,Bengaluru,39060,1000,137,28,8170.01,70818.25
2026-01-06,Valentine Offer,Google Ads,Mobile,Bengaluru,30292,646,72,14,5135.57,43756.62
2026-03-30,Product Launch,Email,Desktop,Mumbai,15537,777,86,28,295.93,128734.99
2026-03-03,February Promo,Google Ads,Mobile,Hyderabad,18554,404,67,12,3800.59,37783.75
2026-02-17,Valentine Offer,Email,Mobile,Hyderabad,14839,1286,262,129,245.34,352904.86
2026-03-30,Spring Sale,Meta Ads,Mobile,Chennai,52978,1154,70,13,8695.79,34152.48
2026-01-29,Festival Offer,Google Ads,Desktop,Bengaluru,66870,1585,186,30,13158.57,81896.18
2026-03-27,Spring Sale,Email,Mobile,Chennai,11257,583,108,24,252.83,73605.39
2026-02-07,Spring Sale,Email,Desktop,Delhi NCR,16921,992,196,65,294.27,170408.73
2026-02-22,New Year Sale,Google Ads,Desktop,Hyderabad,11608,245,36,7,1620.75,19499.79
2026-02-18,Festival Offer,Organic,Mobile,Mumbai,49405,1317,342,133,376.94,326333.12
2026-03-26,Winter Campaign,Organic,Desktop,Mumbai,53041,1490,178,39,415.83,90018.75
2026-03-13,Winter Campaign,Organic,Mobile,Pune,30937,1080,134,28,267.99,56202.54
2026-01-10,Festival Offer,LinkedIn,Mobile,Mumbai,18413,216,27,5,3985.53,26882.62
2026-03-08,February Promo,Google Ads,Mobile,Pune,56862,1680,143,37,10386.36,103229.01
2026-01-20,Retargeting Push,Google Ads,Desktop,Hyderabad,22557,614,88,18,3484.45,49682.7
2026-03-26,App Install Drive,Google Ads,Mobile,Pune,28328,610,41,7,4792.62,24434.12
2026-02-11,New Year Sale,Meta Ads,Desktop,Other India,45277,901,97,18,8952.57,43808.65
2026-01-06,Valentine Offer,Email,Desktop,Delhi NCR,16211,521,130,55,299.73,182421.68
2026-03-27,Product Launch,Email,Mobile,Hyderabad,21443,1044,201,55,390.41,183418.54
2026-03-03,Product Launch,Organic,Mobile,Delhi NCR,66826,2895,365,111,401.62,273089.5
2026-02-08,Product Launch,Meta Ads,Mobile,Other India,34010,656,30,5,5596.95,12234.02
2026-03-24,Spring Sale,Meta Ads,Mobile,Bengaluru,68716,1455,212,52,11374.13,111803.19
2026-02-21,Brand Awareness,Google Ads,Desktop,Chennai,33234,395,25,3,6320.09,4273.52
2026-02-03,Spring Sale,Organic,Mobile,Chennai,28213,973,134,23,172.57,71284.94
2026-03-11,App Install Drive,Organic,Desktop,Mumbai,89096,2066,347,96,557.11,217496.64
2026-01-20,Valentine Offer,Google Ads,Mobile,Hyderabad,25767,684,105,25,4735.48,80622.9
2026-01-16,Winter Campaign,LinkedIn,Mobile,Delhi NCR,19210,190,30,2,5280.81,9475.29
2026-01-10,New Year Sale,Email,Mobile,Mumbai,23217,1534,291,85,498.3,337752.63
2026-03-30,Winter Campaign,Meta Ads,Mobile,Other India,31045,736,63,9,4908.62,19600.31
2026-03-11,Brand Awareness,Meta Ads,Desktop,Pune,48396,717,57,7,8432.95,13356.31
2026-02-11,Brand Awareness,LinkedIn,Mobile,Bengaluru,11477,91,6,1,3361.62,3881.93
2026-01-26,Festival Offer,Email,Mobile,Bengaluru,20328,1262,253,89,368.32,335606.61
